,GDP Growth,Unemployment Rate,Inflation (CPI),Interest Rate (Fed Funds),10-Year Treasury Yield,Stock Market Volatility (VIX Index),30-Year Fixed Rate Mortgage Rate,Median Sales Price of Houses,Case-Shiller Home Price Index (Seasonally Adjusted),Case-Shiller Home Price Index (Not Seasonally Adjusted),Retail Sales data (excluding food services),Consumer Price Index for All Urban Consumers
2015-01-01,18063.529,,,,,,,289200.0,,,,
2015-02-01,,5.5,235.342,0.11,,,,,169.118,166.623,384779.0,235.342
2015-02-12,,,,,1.99,15.34,3.69,,,,,
2015-02-13,,,,,2.02,14.69,,,,,,
2015-02-16,,,,,,,,,,,,
2015-02-17,,,,,2.14,15.8,,,,,,
2015-02-18,,,,,2.07,15.45,,,,,,
2015-02-19,,,,,2.11,15.29,3.76,,,,,
2015-02-20,,,,,2.13,14.3,,,,,,
2015-02-23,,,,,2.06,14.56,,,,,,
2015-02-24,,,,,1.99,13.69,,,,,,
2015-02-25,,,,,1.96,13.84,,,,,,
2015-02-26,,,,,2.03,13.91,3.8,,,,,
2015-02-27,,,,,2.0,13.34,,,,,,
2015-03-01,,5.4,235.976,0.11,,,,,169.79,168.082,390738.0,235.976
2015-03-02,,,,,2.08,13.04,,,,,,
2015-03-03,,,,,2.12,13.86,,,,,,
2015-03-04,,,,,2.12,14.23,,,,,,
2015-03-05,,,,,2.11,14.04,3.75,,,,,
2015-03-06,,,,,2.24,15.2,,,,,,
2015-03-09,,,,,2.2,15.06,,,,,,
2015-03-10,,,,,2.14,16.69,,,,,,
2015-03-11,,,,,2.11,16.87,,,,,,
2015-03-12,,,,,2.1,15.42,3.86,,,,,
2015-03-13,,,,,2.13,16.0,,,,,,
2015-03-16,,,,,2.1,15.61,,,,,,
2015-03-17,,,,,2.06,15.66,,,,,,
2015-03-18,,,,,1.93,13.97,,,,,,
2015-03-19,,,,,1.98,14.07,3.78,,,,,
2015-03-20,,,,,1.93,13.02,,,,,,
2015-03-23,,,,,1.92,13.41,,,,,,
2015-03-24,,,,,1.88,13.62,,,,,,
2015-03-25,,,,,1.93,15.44,,,,,,
2015-03-26,,,,,2.01,15.8,3.69,,,,,
2015-03-27,,,,,1.95,15.07,,,,,,
2015-03-30,,,,,1.96,14.51,,,,,,
2015-03-31,,,,,1.94,15.29,,,,,,
2015-04-01,18279.784,5.4,236.222,0.12,1.87,15.11,,289100.0,170.28799999999998,169.96400000000003,391246.0,236.222
2015-04-02,,,,,1.92,14.67,3.7,,,,,
2015-04-03,,,,,1.85,,,,,,,
2015-04-06,,,,,1.92,14.74,,,,,,
2015-04-07,,,,,1.89,14.78,,,,,,
2015-04-08,,,,,1.92,13.98,,,,,,
2015-04-09,,,,,1.97,13.09,3.66,,,,,
2015-04-10,,,,,1.96,12.58,,,,,,
2015-04-13,,,,,1.94,13.94,,,,,,
2015-04-14,,,,,1.9,13.67,,,,,,
2015-04-15,,,,,1.91,12.84,,,,,,
2015-04-16,,,,,1.9,12.6,3.67,,,,,
2015-04-17,,,,,1.87,13.89,,,,,,
2015-04-20,,,,,1.9,13.3,,,,,,
2015-04-21,,,,,1.92,13.25,,,,,,
2015-04-22,,,,,1.99,12.71,,,,,,
2015-04-23,,,,,1.96,12.48,3.65,,,,,
2015-04-24,,,,,1.93,12.29,,,,,,
2015-04-27,,,,,1.94,13.12,,,,,,
2015-04-28,,,,,2.0,12.41,,,,,,
2015-04-29,,,,,2.06,13.39,,,,,,
2015-04-30,,,,,2.05,14.55,3.68,,,,,
2015-05-01,,5.6,237.001,0.12,2.12,12.7,,,170.87099999999998,171.84599999999998,394260.0,237.001
2015-05-04,,,,,2.16,12.85,,,,,,
2015-05-05,,,,,2.19,14.31,,,,,,
2015-05-06,,,,,2.25,15.15,,,,,,
2015-05-07,,,,,2.18,15.13,3.8,,,,,
2015-05-08,,,,,2.16,12.86,,,,,,
2015-05-11,,,,,2.28,13.85,,,,,,
2015-05-12,,,,,2.28,13.86,,,,,,
2015-05-13,,,,,2.27,13.76,,,,,,
2015-05-14,,,,,2.23,12.74,3.85,,,,,
2015-05-15,,,,,2.14,12.38,,,,,,
2015-05-18,,,,,2.23,12.73,,,,,,
2015-05-19,,,,,2.27,12.85,,,,,,
2015-05-20,,,,,2.26,12.88,,,,,,
2015-05-21,,,,,2.19,12.11,3.84,,,,,
2015-05-22,,,,,2.21,12.13,,,,,,
2015-05-25,,,,,,,,,,,,
2015-05-26,,,,,2.14,14.06,,,,,,
2015-05-27,,,,,2.14,13.27,,,,,,
2015-05-28,,,,,2.13,13.31,3.87,,,,,
2015-05-29,,,,,2.12,13.84,,,,,,
2015-06-01,,5.3,237.657,0.13,2.19,13.97,,,171.47099999999998,173.447,394652.0,237.657
2015-06-02,,,,,2.27,14.24,,,,,,
2015-06-03,,,,,2.38,13.66,,,,,,
2015-06-04,,,,,2.31,14.71,3.87,,,,,
2015-06-05,,,,,2.41,14.21,,,,,,
2015-06-08,,,,,2.39,15.29,,,,,,
2015-06-09,,,,,2.42,14.47,,,,,,
2015-06-10,,,,,2.5,13.22,,,,,,
2015-06-11,,,,,2.39,12.85,4.04,,,,,
2015-06-12,,,,,2.39,13.78,,,,,,
2015-06-15,,,,,2.36,15.39,,,,,,
2015-06-16,,,,,2.32,14.81,,,,,,
2015-06-17,,,,,2.32,14.5,,,,,,
2015-06-18,,,,,2.35,13.19,4.0,,,,,
2015-06-19,,,,,2.26,13.96,,,,,,
2015-06-22,,,,,2.37,12.74,,,,,,
2015-06-23,,,,,2.42,12.11,,,,,,
2015-06-24,,,,,2.38,13.26,,,,,,
2015-06-25,,,,,2.4,14.01,4.02,,,,,
2015-06-26,,,,,2.49,14.02,,,,,,
2015-06-29,,,,,2.33,18.85,,,,,,
2015-06-30,,,,,2.35,18.23,,,,,,
2015-07-01,18401.626,5.2,238.034,0.13,2.43,16.09,,295800.0,172.14700000000002,174.49200000000002,397994.0,238.034
2015-07-02,,,,,2.4,16.79,4.08,,,,,
2015-07-03,,,,,,,,,,,,
2015-07-06,,,,,2.3,17.01,,,,,,
2015-07-07,,,,,2.27,16.09,,,,,,
2015-07-08,,,,,2.22,19.66,,,,,,
2015-07-09,,,,,2.32,19.97,4.04,,,,,
2015-07-10,,,,,2.42,16.83,,,,,,
2015-07-13,,,,,2.44,13.9,,,,,,
2015-07-14,,,,,2.41,13.37,,,,,,
2015-07-15,,,,,2.36,13.23,,,,,,
2015-07-16,,,,,2.36,12.11,4.09,,,,,
2015-07-17,,,,,2.34,11.95,,,,,,
2015-07-20,,,,,2.38,12.25,,,,,,
2015-07-21,,,,,2.35,12.22,,,,,,
2015-07-22,,,,,2.33,12.12,,,,,,
2015-07-23,,,,,2.28,12.64,4.04,,,,,
2015-07-24,,,,,2.27,13.74,,,,,,
2015-07-27,,,,,2.23,15.6,,,,,,
2015-07-28,,,,,2.26,13.44,,,,,,
2015-07-29,,,,,2.29,12.5,,,,,,
2015-07-30,,,,,2.28,12.13,3.98,,,,,
2015-07-31,,,,,2.2,12.12,,,,,,
2015-08-01,,5.1,238.033,0.14,,,,,172.926,174.93200000000002,397712.0,238.033
2015-08-03,,,,,2.16,12.56,,,,,,
2015-08-04,,,,,2.23,13.0,,,,,,
2015-08-05,,,,,2.28,12.51,,,,,,
2015-08-06,,,,,2.23,13.77,3.91,,,,,
2015-08-07,,,,,2.18,13.39,,,,,,
2015-08-10,,,,,2.24,12.23,,,,,,
2015-08-11,,,,,2.15,13.71,,,,,,
2015-08-12,,,,,2.14,13.61,,,,,,
2015-08-13,,,,,2.19,13.49,3.94,,,,,
2015-08-14,,,,,2.2,12.83,,,,,,
2015-08-17,,,,,2.16,13.02,,,,,,
2015-08-18,,,,,2.2,13.79,,,,,,
2015-08-19,,,,,2.12,15.25,,,,,,
2015-08-20,,,,,2.09,19.14,3.93,,,,,
2015-08-21,,,,,2.05,28.03,,,,,,
2015-08-24,,,,,2.01,40.74,,,,,,
2015-08-25,,,,,2.12,36.02,,,,,,
2015-08-26,,,,,2.18,30.32,,,,,,
2015-08-27,,,,,2.18,26.1,3.84,,,,,
2015-08-28,,,,,2.19,26.05,,,,,,
2015-08-31,,,,,2.21,28.43,,,,,,
2015-09-01,,5.0,237.498,0.14,2.17,31.4,,,173.817,175.03599999999997,395625.0,237.498
2015-09-02,,,,,2.2,26.09,,,,,,
2015-09-03,,,,,2.18,25.61,3.89,,,,,
2015-09-04,,,,,2.13,27.8,,,,,,
2015-09-07,,,,,,,,,,,,
2015-09-08,,,,,2.2,24.9,,,,,,
2015-09-09,,,,,2.21,26.23,,,,,,
2015-09-10,,,,,2.23,24.37,3.9,,,,,
2015-09-11,,,,,2.2,23.2,,,,,,
2015-09-14,,,,,2.18,24.25,,,,,,
2015-09-15,,,,,2.28,22.54,,,,,,
2015-09-16,,,,,2.3,21.35,,,,,,
2015-09-17,,,,,2.21,21.14,3.91,,,,,
2015-09-18,,,,,2.13,22.28,,,,,,
2015-09-21,,,,,2.2,20.14,,,,,,
2015-09-22,,,,,2.14,22.44,,,,,,
2015-09-23,,,,,2.16,22.13,,,,,,
2015-09-24,,,,,2.13,23.47,3.86,,,,,
2015-09-25,,,,,2.17,23.62,,,,,,
2015-09-28,,,,,2.1,27.63,,,,,,
2015-09-29,,,,,2.05,26.83,,,,,,
2015-09-30,,,,,2.06,24.5,,,,,,
2015-10-01,18435.137,5.0,237.733,0.12,2.05,22.55,3.85,302500.0,174.78,175.04,394121.0,237.733
2015-10-02,,,,,1.99,20.94,,,,,,
2015-10-05,,,,,2.07,19.54,,,,,,
2015-10-06,,,,,2.05,19.4,,,,,,
2015-10-07,,,,,2.08,18.4,,,,,,
2015-10-08,,,,,2.12,17.42,3.76,,,,,
2015-10-09,,,,,2.12,17.08,,,,,,
2015-10-12,,,,,,16.17,,,,,,
2015-10-13,,,,,2.06,17.67,,,,,,
2015-10-14,,,,,1.99,18.03,,,,,,
2015-10-15,,,,,2.04,16.05,3.82,,,,,
2015-10-16,,,,,2.04,15.05,,,,,,
2015-10-19,,,,,2.04,14.98,,,,,,
2015-10-20,,,,,2.08,15.75,,,,,,
2015-10-21,,,,,2.04,16.7,,,,,,
2015-10-22,,,,,2.04,14.45,3.79,,,,,
2015-10-23,,,,,2.09,14.46,,,,,,
2015-10-26,,,,,2.07,15.29,,,,,,
2015-10-27,,,,,2.05,15.43,,,,,,
2015-10-28,,,,,2.1,14.33,,,,,,
2015-10-29,,,,,2.19,14.61,3.76,,,,,
2015-10-30,,,,,2.16,15.07,,,,,,
2015-11-01,,5.1,238.017,0.12,,,,,175.72400000000002,175.12900000000002,395827.0,238.017
2015-11-02,,,,,2.2,14.15,,,,,,
2015-11-03,,,,,2.23,14.54,,,,,,
2015-11-04,,,,,2.25,15.51,,,,,,
2015-11-05,,,,,2.26,15.05,3.87,,,,,
2015-11-06,,,,,2.34,14.33,,,,,,
2015-11-09,,,,,2.36,16.52,,,,,,
2015-11-10,,,,,2.32,15.29,,,,,,
2015-11-11,,,,,,16.06,,,,,,
2015-11-12,,,,,2.32,18.37,3.98,,,,,
2015-11-13,,,,,2.28,20.08,,,,,,
2015-11-16,,,,,2.27,18.16,,,,,,
2015-11-17,,,,,2.25,18.84,,,,,,
2015-11-18,,,,,2.27,16.85,,,,,,
2015-11-19,,,,,2.24,16.99,3.97,,,,,
2015-11-20,,,,,2.26,15.47,,,,,,
2015-11-23,,,,,2.25,15.62,,,,,,
2015-11-24,,,,,2.24,15.93,,,,,,
2015-11-25,,,,,2.23,15.19,3.95,,,,,
2015-11-26,,,,,,,,,,,,
2015-11-27,,,,,2.22,15.12,,,,,,
2015-11-30,,,,,2.21,16.13,,,,,,
2015-12-01,,5.0,237.761,0.24,2.15,14.67,,,176.528,175.101,396822.0,237.761
2015-12-02,,,,,2.18,15.91,,,,,,
2015-12-03,,,,,2.33,18.11,3.93,,,,,
2015-12-04,,,,,2.28,14.81,,,,,,
2015-12-07,,,,,2.23,15.84,,,,,,
2015-12-08,,,,,2.24,17.6,,,,,,
2015-12-09,,,,,2.22,19.61,,,,,,
2015-12-10,,,,,2.24,19.34,3.95,,,,,
2015-12-11,,,,,2.13,24.39,,,,,,
2015-12-14,,,,,2.23,22.73,,,,,,
2015-12-15,,,,,2.28,20.95,,,,,,
2015-12-16,,,,,2.3,17.86,,,,,,
2015-12-17,,,,,2.24,18.94,3.97,,,,,
2015-12-18,,,,,2.19,20.7,,,,,,
2015-12-21,,,,,2.2,18.7,,,,,,
2015-12-22,,,,,2.24,16.6,,,,,,
2015-12-23,,,,,2.27,15.57,,,,,,
2015-12-24,,,,,2.25,15.74,3.96,,,,,
2015-12-25,,,,,,,,,,,,
2015-12-28,,,,,2.24,16.91,,,,,,
2015-12-29,,,,,2.32,16.08,,,,,,
2015-12-30,,,,,2.31,17.29,,,,,,
2015-12-31,,,,,2.27,18.21,4.01,,,,,
2016-01-01,18525.933,4.8,237.652,0.34,,,,299800.0,177.252,175.02200000000002,394305.0,237.652
2016-01-04,,,,,2.24,20.7,,,,,,
2016-01-05,,,,,2.25,19.34,,,,,,
2016-01-06,,,,,2.18,20.59,,,,,,
2016-01-07,,,,,2.16,24.99,3.97,,,,,
2016-01-08,,,,,2.13,27.01,,,,,,
2016-01-11,,,,,2.17,24.3,,,,,,
2016-01-12,,,,,2.12,22.47,,,,,,
2016-01-13,,,,,2.08,25.22,,,,,,
2016-01-14,,,,,2.1,23.95,3.92,,,,,
2016-01-15,,,,,2.03,27.02,,,,,,
2016-01-18,,,,,,,,,,,,
2016-01-19,,,,,2.06,26.05,,,,,,
2016-01-20,,,,,2.01,27.59,,,,,,
2016-01-21,,,,,2.02,26.69,3.81,,,,,
2016-01-22,,,,,2.07,22.34,,,,,,
2016-01-25,,,,,2.03,24.15,,,,,,
2016-01-26,,,,,2.01,22.5,,,,,,
2016-01-27,,,,,2.02,23.11,,,,,,
2016-01-28,,,,,2.0,22.42,3.79,,,,,
2016-01-29,,,,,1.94,20.2,,,,,,
2016-02-01,,4.9,237.336,0.38,1.97,19.98,,,177.63400000000001,175.268,397747.0,237.336
2016-02-02,,,,,1.87,21.98,,,,,,
2016-02-03,,,,,1.88,21.65,,,,,,
2016-02-04,,,,,1.87,21.84,3.72,,,,,
2016-02-05,,,,,1.86,23.38,,,,,,
2016-02-08,,,,,1.75,26.0,,,,,,
2016-02-09,,,,,1.74,26.54,,,,,,
2016-02-10,,,,,1.71,26.29,,,,,,
2016-02-11,,,,,1.63,28.14,3.65,,,,,
2016-02-12,,,,,1.74,25.4,,,,,,
2016-02-15,,,,,,,,,,,,
2016-02-16,,,,,1.78,24.11,,,,,,
2016-02-17,,,,,1.81,22.31,,,,,,
2016-02-18,,,,,1.75,21.64,3.65,,,,,
2016-02-19,,,,,1.76,20.53,,,,,,
2016-02-22,,,,,1.77,19.38,,,,,,
2016-02-23,,,,,1.74,20.98,,,,,,
2016-02-24,,,,,1.75,20.72,,,,,,
2016-02-25,,,,,1.71,19.11,3.62,,,,,
2016-02-26,,,,,1.76,19.81,,,,,,
2016-02-29,,,,,1.74,20.55,,,,,,
2016-03-01,,5.0,238.08,0.36,1.83,17.7,,,178.15200000000002,176.592,396522.0,238.08
2016-03-02,,,,,1.84,17.09,,,,,,
2016-03-03,,,,,1.83,16.7,3.64,,,,,
2016-03-04,,,,,1.88,16.86,,,,,,
2016-03-07,,,,,1.91,17.35,,,,,,
2016-03-08,,,,,1.83,18.67,,,,,,
2016-03-09,,,,,1.9,18.34,,,,,,
2016-03-10,,,,,1.93,18.05,3.68,,,,,
2016-03-11,,,,,1.98,16.5,,,,,,
2016-03-14,,,,,1.97,16.92,,,,,,
2016-03-15,,,,,1.97,16.84,,,,,,
2016-03-16,,,,,1.94,14.99,,,,,,
2016-03-17,,,,,1.91,14.44,3.73,,,,,
2016-03-18,,,,,1.88,14.02,,,,,,
2016-03-21,,,,,1.92,13.79,,,,,,
2016-03-22,,,,,1.94,14.17,,,,,,
2016-03-23,,,,,1.88,14.94,,,,,,
2016-03-24,,,,,1.91,14.74,3.71,,,,,
2016-03-25,,,,,,,,,,,,
2016-03-28,,,,,1.89,15.24,,,,,,
2016-03-29,,,,,1.81,13.82,,,,,,
2016-03-30,,,,,1.83,13.56,,,,,,
2016-03-31,,,,,1.78,13.95,3.71,,,,,
2016-04-01,18711.702,5.1,238.992,0.37,1.79,13.1,,306000.0,178.755,178.49,397977.0,238.992
2016-04-04,,,,,1.78,14.12,,,,,,
2016-04-05,,,,,1.73,15.42,,,,,,
2016-04-06,,,,,1.76,14.09,,,,,,
2016-04-07,,,,,1.7,16.16,3.59,,,,,
2016-04-08,,,,,1.72,15.36,,,,,,
2016-04-11,,,,,1.73,16.26,,,,,,
2016-04-12,,,,,1.79,14.85,,,,,,
2016-04-13,,,,,1.77,13.84,,,,,,
2016-04-14,,,,,1.8,13.72,3.58,,,,,
2016-04-15,,,,,1.76,13.62,,,,,,
2016-04-18,,,,,1.78,13.35,,,,,,
2016-04-19,,,,,1.79,13.24,,,,,,
2016-04-20,,,,,1.85,13.28,,,,,,
2016-04-21,,,,,1.88,13.95,3.59,,,,,
2016-04-22,,,,,1.89,13.22,,,,,,
2016-04-25,,,,,1.91,14.08,,,,,,
2016-04-26,,,,,1.94,13.96,,,,,,
2016-04-27,,,,,1.87,13.77,,,,,,
2016-04-28,,,,,1.84,15.22,3.66,,,,,
2016-04-29,,,,,1.83,15.7,,,,,,
2016-05-01,,4.8,239.557,0.37,,,,,179.415,180.33900000000003,399587.0,239.557
2016-05-02,,,,,1.88,14.68,,,,,,
2016-05-03,,,,,1.81,15.6,,,,,,
2016-05-04,,,,,1.79,16.05,,,,,,
2016-05-05,,,,,1.76,15.91,3.61,,,,,
2016-05-06,,,,,1.79,14.72,,,,,,
2016-05-09,,,,,1.77,14.57,,,,,,
2016-05-10,,,,,1.77,13.63,,,,,,
2016-05-11,,,,,1.73,14.69,,,,,,
2016-05-12,,,,,1.75,14.41,3.57,,,,,
2016-05-13,,,,,1.71,15.04,,,,,,
2016-05-16,,,,,1.75,14.68,,,,,,
2016-05-17,,,,,1.76,15.57,,,,,,
2016-05-18,,,,,1.87,15.95,,,,,,
2016-05-19,,,,,1.85,16.33,3.58,,,,,
2016-05-20,,,,,1.85,15.2,,,,,,
2016-05-23,,,,,1.84,15.82,,,,,,
2016-05-24,,,,,1.86,14.42,,,,,,
2016-05-25,,,,,1.87,13.9,,,,,,
2016-05-26,,,,,1.83,13.43,3.64,,,,,
2016-05-27,,,,,1.85,13.12,,,,,,
2016-05-30,,,,,,,,,,,,
2016-05-31,,,,,1.84,14.19,,,,,,
2016-06-01,,4.9,240.222,0.38,1.85,14.2,,,180.08,181.908,404408.0,240.222
2016-06-02,,,,,1.81,13.63,3.66,,,,,
2016-06-03,,,,,1.71,13.47,,,,,,
2016-06-06,,,,,1.73,13.65,,,,,,
2016-06-07,,,,,1.72,14.05,,,,,,
2016-06-08,,,,,1.71,14.08,,,,,,
2016-06-09,,,,,1.68,14.64,3.6,,,,,
2016-06-10,,,,,1.64,17.03,,,,,,
2016-06-13,,,,,1.62,20.97,,,,,,
2016-06-14,,,,,1.62,20.5,,,,,,
2016-06-15,,,,,1.6,20.14,,,,,,
2016-06-16,,,,,1.57,19.37,3.54,,,,,
2016-06-17,,,,,1.62,19.41,,,,,,
2016-06-20,,,,,1.67,18.37,,,,,,
2016-06-21,,,,,1.71,18.48,,,,,,
2016-06-22,,,,,1.69,21.17,,,,,,
2016-06-23,,,,,1.74,17.25,3.56,,,,,
2016-06-24,,,,,1.57,25.76,,,,,,
2016-06-27,,,,,1.46,23.85,,,,,,
2016-06-28,,,,,1.46,18.75,,,,,,
2016-06-29,,,,,1.5,16.64,,,,,,
2016-06-30,,,,,1.49,15.63,3.48,,,,,
2016-07-01,18892.639,4.8,240.101,0.39,1.46,14.77,,303800.0,180.845,183.00799999999998,403560.0,240.101
2016-07-04,,,,,,,,,,,,
2016-07-05,,,,,1.37,15.58,,,,,,
2016-07-06,,,,,1.38,14.96,,,,,,
2016-07-07,,,,,1.4,14.76,3.41,,,,,
2016-07-08,,,,,1.37,13.2,,,,,,
2016-07-11,,,,,1.43,13.54,,,,,,
2016-07-12,,,,,1.53,13.55,,,,,,
2016-07-13,,,,,1.48,13.04,,,,,,
2016-07-14,,,,,1.53,12.82,3.42,,,,,
2016-07-15,,,,,1.6,12.67,,,,,,
2016-07-18,,,,,1.59,12.44,,,,,,
2016-07-19,,,,,1.56,11.97,,,,,,
2016-07-20,,,,,1.59,11.77,,,,,,
2016-07-21,,,,,1.57,12.74,3.45,,,,,
2016-07-22,,,,,1.57,12.02,,,,,,
2016-07-25,,,,,1.58,12.87,,,,,,
2016-07-26,,,,,1.57,13.05,,,,,,
2016-07-27,,,,,1.52,12.83,,,,,,
2016-07-28,,,,,1.52,12.72,3.48,,,,,
2016-07-29,,,,,1.46,11.87,,,,,,
2016-08-01,,4.9,240.545,0.4,1.51,12.44,,,181.829,183.644,403580.0,240.545
2016-08-02,,,,,1.55,13.37,,,,,,
2016-08-03,,,,,1.55,12.86,,,,,,
2016-08-04,,,,,1.51,12.42,3.43,,,,,
2016-08-05,,,,,1.59,11.39,,,,,,
2016-08-08,,,,,1.59,11.5,,,,,,
2016-08-09,,,,,1.55,11.66,,,,,,
2016-08-10,,,,,1.5,12.05,,,,,,
2016-08-11,,,,,1.57,11.68,3.45,,,,,
2016-08-12,,,,,1.51,11.55,,,,,,
2016-08-15,,,,,1.55,11.81,,,,,,
2016-08-16,,,,,1.57,12.64,,,,,,
2016-08-17,,,,,1.56,12.19,,,,,,
2016-08-18,,,,,1.53,11.43,3.43,,,,,
2016-08-19,,,,,1.58,11.34,,,,,,
2016-08-22,,,,,1.55,12.27,,,,,,
2016-08-23,,,,,1.55,12.38,,,,,,
2016-08-24,,,,,1.56,13.45,,,,,,
2016-08-25,,,,,1.58,13.63,3.43,,,,,
2016-08-26,,,,,1.62,13.65,,,,,,
2016-08-29,,,,,1.57,12.94,,,,,,
2016-08-30,,,,,1.57,13.12,,,,,,
2016-08-31,,,,,1.58,13.42,,,,,,
2016-09-01,,5.0,241.176,0.4,1.57,13.48,3.46,,182.804,183.933,405979.0,241.176
2016-09-02,,,,,1.6,11.98,,,,,,
2016-09-05,,,,,,,,,,,,
2016-09-06,,,,,1.55,12.02,,,,,,
2016-09-07,,,,,1.54,11.94,,,,,,
2016-09-08,,,,,1.61,12.51,3.44,,,,,
2016-09-09,,,,,1.67,17.5,,,,,,
2016-09-12,,,,,1.68,15.16,,,,,,
2016-09-13,,,,,1.73,17.85,,,,,,
2016-09-14,,,,,1.7,18.14,,,,,,
2016-09-15,,,,,1.71,16.3,3.5,,,,,
2016-09-16,,,,,1.7,15.37,,,,,,
2016-09-19,,,,,1.7,15.53,,,,,,
2016-09-20,,,,,1.69,15.92,,,,,,
2016-09-21,,,,,1.66,13.3,,,,,,
2016-09-22,,,,,1.63,12.02,3.48,,,,,
2016-09-23,,,,,1.62,12.29,,,,,,
2016-09-26,,,,,1.59,14.5,,,,,,
2016-09-27,,,,,1.56,13.1,,,,,,
2016-09-28,,,,,1.57,12.39,,,,,,
2016-09-29,,,,,1.56,14.02,3.42,,,,,
2016-09-30,,,,,1.6,13.29,,,,,,
2016-10-01,19089.379,4.9,241.741,0.4,,,,310900.0,183.733,184.007,407000.0,241.741
2016-10-03,,,,,1.63,13.57,,,,,,
2016-10-04,,,,,1.69,13.63,,,,,,
2016-10-05,,,,,1.72,12.99,,,,,,
2016-10-06,,,,,1.75,12.84,3.42,,,,,
2016-10-07,,,,,1.73,13.48,,,,,,
2016-10-10,,,,,,13.38,,,,,,
2016-10-11,,,,,1.77,15.36,,,,,,
2016-10-12,,,,,1.79,15.91,,,,,,
2016-10-13,,,,,1.75,16.69,3.47,,,,,
2016-10-14,,,,,1.8,16.12,,,,,,
2016-10-17,,,,,1.77,16.21,,,,,,
2016-10-18,,,,,1.75,15.28,,,,,,
2016-10-19,,,,,1.76,14.41,,,,,,
2016-10-20,,,,,1.76,13.75,3.52,,,,,
2016-10-21,,,,,1.74,13.34,,,,,,
2016-10-24,,,,,1.77,13.02,,,,,,
2016-10-25,,,,,1.77,13.46,,,,,,
2016-10-26,,,,,1.79,14.24,,,,,,
2016-10-27,,,,,1.85,15.36,3.47,,,,,
2016-10-28,,,,,1.86,16.19,,,,,,
2016-10-31,,,,,1.84,17.06,,,,,,
2016-11-01,,4.7,242.026,0.41,1.83,18.56,,,184.743,184.21900000000002,405846.0,242.026
2016-11-02,,,,,1.81,19.32,,,,,,
2016-11-03,,,,,1.82,22.08,3.54,,,,,
2016-11-04,,,,,1.79,22.51,,,,,,
2016-11-07,,,,,1.83,18.71,,,,,,
2016-11-08,,,,,1.88,18.74,,,,,,
2016-11-09,,,,,2.07,14.38,,,,,,
2016-11-10,,,,,2.15,14.74,3.57,,,,,
2016-11-11,,,,,,14.17,,,,,,
2016-11-14,,,,,2.23,14.48,,,,,,
2016-11-15,,,,,2.23,13.37,,,,,,
2016-11-16,,,,,2.22,13.72,,,,,,
2016-11-17,,,,,2.29,13.35,3.94,,,,,
2016-11-18,,,,,2.34,12.85,,,,,,
2016-11-21,,,,,2.33,12.42,,,,,,
2016-11-22,,,,,2.31,12.41,,,,,,
2016-11-23,,,,,2.36,12.43,4.03,,,,,
2016-11-24,,,,,,,,,,,,
2016-11-25,,,,,2.36,12.34,,,,,,
2016-11-28,,,,,2.32,13.15,,,,,,
2016-11-29,,,,,2.3,12.9,,,,,,
2016-11-30,,,,,2.37,13.33,,,,,,
2016-12-01,,4.7,242.637,0.54,2.45,14.07,4.08,,185.708,184.391,412437.0,242.637
2016-12-02,,,,,2.4,14.12,,,,,,
2016-12-05,,,,,2.39,12.14,,,,,,
2016-12-06,,,,,2.39,11.79,,,,,,
2016-12-07,,,,,2.34,12.22,,,,,,
2016-12-08,,,,,2.4,12.64,4.13,,,,,
2016-12-09,,,,,2.47,11.75,,,,,,
2016-12-12,,,,,2.49,12.64,,,,,,
2016-12-13,,,,,2.48,12.72,,,,,,
2016-12-14,,,,,2.54,13.19,,,,,,
2016-12-15,,,,,2.6,12.79,4.16,,,,,
2016-12-16,,,,,2.6,12.2,,,,,,
2016-12-19,,,,,2.54,11.71,,,,,,
2016-12-20,,,,,2.57,11.45,,,,,,
2016-12-21,,,,,2.55,11.27,,,,,,
2016-12-22,,,,,2.55,11.43,4.3,,,,,
2016-12-23,,,,,2.55,11.44,,,,,,
2016-12-26,,,,,,,,,,,,
2016-12-27,,,,,2.57,11.99,,,,,,
2016-12-28,,,,,2.51,12.95,,,,,,
2016-12-29,,,,,2.49,13.37,4.32,,,,,
2016-12-30,,,,,2.45,14.04,,,,,,
2017-01-01,19280.084,4.7,243.618,0.65,,,,313100.0,186.787,184.644,415660.0,243.618
2017-01-02,,,,,,,,,,,,
2017-01-03,,,,,2.45,12.85,,,,,,
2017-01-04,,,,,2.46,11.85,,,,,,
2017-01-05,,,,,2.37,11.67,4.2,,,,,
2017-01-06,,,,,2.42,11.32,,,,,,
2017-01-09,,,,,2.38,11.56,,,,,,
2017-01-10,,,,,2.38,11.49,,,,,,
2017-01-11,,,,,2.38,11.26,,,,,,
2017-01-12,,,,,2.36,11.54,4.12,,,,,
2017-01-13,,,,,2.4,11.23,,,,,,
2017-01-16,,,,,,,,,,,,
2017-01-17,,,,,2.33,11.87,,,,,,
2017-01-18,,,,,2.42,12.48,,,,,,
2017-01-19,,,,,2.47,12.78,4.09,,,,,
2017-01-20,,,,,2.48,11.54,,,,,,
2017-01-23,,,,,2.41,11.77,,,,,,
2017-01-24,,,,,2.47,11.07,,,,,,
2017-01-25,,,,,2.53,10.81,,,,,,
2017-01-26,,,,,2.51,10.63,4.19,,,,,
2017-01-27,,,,,2.49,10.58,,,,,,
2017-01-30,,,,,2.49,11.88,,,,,,
2017-01-31,,,,,2.45,11.99,,,,,,
2017-02-01,,4.6,244.006,0.66,2.48,11.81,,,187.30599999999998,185.011,415563.0,244.006
2017-02-02,,,,,2.48,11.93,4.19,,,,,
2017-02-03,,,,,2.49,10.97,,,,,,
2017-02-06,,,,,2.42,11.37,,,,,,
2017-02-07,,,,,2.4,11.29,,,,,,
2017-02-08,,,,,2.34,11.45,,,,,,
2017-02-09,,,,,2.4,10.88,4.17,,,,,
2017-02-10,,,,,2.41,10.85,,,,,,
2017-02-13,,,,,2.43,11.07,,,,,,
2017-02-14,,,,,2.47,10.74,,,,,,
2017-02-15,,,,,2.51,11.97,,,,,,
2017-02-16,,,,,2.45,11.76,4.15,,,,,
2017-02-17,,,,,2.42,11.49,,,,,,
2017-02-20,,,,,,,,,,,,
2017-02-21,,,,,2.43,11.57,,,,,,
2017-02-22,,,,,2.42,11.74,,,,,,
2017-02-23,,,,,2.38,11.71,4.16,,,,,
2017-02-24,,,,,2.31,11.47,,,,,,
2017-02-27,,,,,2.36,12.09,,,,,,
2017-02-28,,,,,2.36,12.92,,,,,,
2017-03-01,,4.4,243.892,0.79,2.46,12.54,,,187.983,186.52,414869.0,243.892
2017-03-02,,,,,2.49,11.81,4.1,,,,,
2017-03-03,,,,,2.49,10.96,,,,,,
2017-03-06,,,,,2.49,11.24,,,,,,
2017-03-07,,,,,2.52,11.45,,,,,,
2017-03-08,,,,,2.57,11.86,,,,,,
2017-03-09,,,,,2.6,12.3,4.21,,,,,
2017-03-10,,,,,2.58,11.66,,,,,,
2017-03-13,,,,,2.62,11.35,,,,,,
2017-03-14,,,,,2.6,12.3,,,,,,
2017-03-15,,,,,2.51,11.63,,,,,,
2017-03-16,,,,,2.53,11.21,4.3,,,,,
2017-03-17,,,,,2.5,11.28,,,,,,
2017-03-20,,,,,2.47,11.34,,,,,,
2017-03-21,,,,,2.43,12.47,,,,,,
2017-03-22,,,,,2.4,12.81,,,,,,
2017-03-23,,,,,2.41,13.12,4.23,,,,,
2017-03-24,,,,,2.4,12.96,,,,,,
2017-03-27,,,,,2.38,12.5,,,,,,
2017-03-28,,,,,2.42,11.53,,,,,,
2017-03-29,,,,,2.39,11.42,,,,,,
2017-03-30,,,,,2.42,11.54,4.14,,,,,
2017-03-31,,,,,2.4,12.37,,,,,,
2017-04-01,19438.643,4.4,244.193,0.9,,,,318200.0,188.71200000000002,188.533,416613.0,244.193
2017-04-03,,,,,2.35,12.38,,,,,,
2017-04-04,,,,,2.36,11.79,,,,,,
2017-04-05,,,,,2.34,12.89,,,,,,
2017-04-06,,,,,2.34,12.39,4.1,,,,,
2017-04-07,,,,,2.38,12.87,,,,,,
2017-04-10,,,,,2.37,14.05,,,,,,
2017-04-11,,,,,2.32,15.07,,,,,,
2017-04-12,,,,,2.28,15.77,,,,,,
2017-04-13,,,,,2.24,15.96,4.08,,,,,
2017-04-14,,,,,,,,,,,,
2017-04-17,,,,,2.26,14.66,,,,,,
2017-04-18,,,,,2.18,14.42,,,,,,
2017-04-19,,,,,2.21,14.93,,,,,,
2017-04-20,,,,,2.24,14.15,3.97,,,,,
2017-04-21,,,,,2.24,14.63,,,,,,
2017-04-24,,,,,2.28,10.84,,,,,,
2017-04-25,,,,,2.35,10.76,,,,,,
2017-04-26,,,,,2.32,10.85,,,,,,
2017-04-27,,,,,2.3,10.36,4.03,,,,,
2017-04-28,,,,,2.29,10.82,,,,,,
2017-05-01,,4.4,244.004,0.91,2.33,10.11,,,189.59900000000002,190.52900000000002,414253.0,244.004
2017-05-02,,,,,2.29,10.59,,,,,,
2017-05-03,,,,,2.33,10.68,,,,,,
2017-05-04,,,,,2.36,10.46,4.02,,,,,
2017-05-05,,,,,2.36,10.57,,,,,,
2017-05-08,,,,,2.39,9.77,,,,,,
2017-05-09,,,,,2.42,9.96,,,,,,
2017-05-10,,,,,2.41,10.21,,,,,,
2017-05-11,,,,,2.39,10.6,4.05,,,,,
2017-05-12,,,,,2.33,10.4,,,,,,
2017-05-15,,,,,2.34,10.42,,,,,,
2017-05-16,,,,,2.33,10.65,,,,,,
2017-05-17,,,,,2.22,15.59,,,,,,
2017-05-18,,,,,2.23,14.66,4.02,,,,,
2017-05-19,,,,,2.23,12.04,,,,,,
2017-05-22,,,,,2.25,10.93,,,,,,
2017-05-23,,,,,2.29,10.72,,,,,,
2017-05-24,,,,,2.26,10.02,,,,,,
2017-05-25,,,,,2.25,9.99,3.95,,,,,
2017-05-26,,,,,2.25,9.81,,,,,,
2017-05-29,,,,,,,,,,,,
2017-05-30,,,,,2.21,10.38,,,,,,
2017-05-31,,,,,2.21,10.41,,,,,,
2017-06-01,,4.3,244.163,1.04,2.21,9.89,3.94,,190.495,192.25400000000002,416255.0,244.163
2017-06-02,,,,,2.15,9.75,,,,,,
2017-06-05,,,,,2.18,10.07,,,,,,
2017-06-06,,,,,2.14,10.45,,,,,,
2017-06-07,,,,,2.18,10.39,,,,,,
2017-06-08,,,,,2.19,10.16,3.89,,,,,
2017-06-09,,,,,2.21,10.7,,,,,,
2017-06-12,,,,,2.21,11.46,,,,,,
2017-06-13,,,,,2.21,10.42,,,,,,
2017-06-14,,,,,2.15,10.64,,,,,,
2017-06-15,,,,,2.16,10.9,3.91,,,,,
2017-06-16,,,,,2.16,10.38,,,,,,
2017-06-19,,,,,2.19,10.37,,,,,,
2017-06-20,,,,,2.16,10.86,,,,,,
2017-06-21,,,,,2.16,10.75,,,,,,
2017-06-22,,,,,2.15,10.48,3.9,,,,,
2017-06-23,,,,,2.15,10.02,,,,,,
2017-06-26,,,,,2.14,9.9,,,,,,
2017-06-27,,,,,2.21,11.06,,,,,,
2017-06-28,,,,,2.22,10.03,,,,,,
2017-06-29,,,,,2.27,11.44,3.88,,,,,
2017-06-30,,,,,2.31,11.18,,,,,,
2017-07-01,19692.595,4.3,244.243,1.15,,,,320500.0,191.449,193.498,416403.0,244.243
2017-07-03,,,,,2.35,11.22,,,,,,
2017-07-04,,,,,,,,,,,,
2017-07-05,,,,,2.33,11.07,,,,,,
2017-07-06,,,,,2.37,12.54,3.96,,,,,
2017-07-07,,,,,2.39,11.19,,,,,,
2017-07-10,,,,,2.38,11.11,,,,,,
2017-07-11,,,,,2.37,10.89,,,,,,
2017-07-12,,,,,2.33,10.3,,,,,,
2017-07-13,,,,,2.35,9.9,4.03,,,,,
2017-07-14,,,,,2.33,9.51,,,,,,
2017-07-17,,,,,2.31,9.82,,,,,,
2017-07-18,,,,,2.27,9.89,,,,,,
2017-07-19,,,,,2.27,9.79,,,,,,
2017-07-20,,,,,2.27,9.58,3.96,,,,,
2017-07-21,,,,,2.24,9.36,,,,,,
2017-07-24,,,,,2.26,9.43,,,,,,
2017-07-25,,,,,2.33,9.43,,,,,,
2017-07-26,,,,,2.29,9.6,,,,,,
2017-07-27,,,,,2.32,10.11,3.92,,,,,
2017-07-28,,,,,2.3,10.29,,,,,,
2017-07-31,,,,,2.3,10.26,,,,,,
2017-08-01,,4.4,245.183,1.16,2.26,10.09,,,192.636,194.333,416861.0,245.183
2017-08-02,,,,,2.27,10.28,,,,,,
2017-08-03,,,,,2.24,10.44,3.93,,,,,
2017-08-04,,,,,2.27,10.03,,,,,,
2017-08-07,,,,,2.26,9.93,,,,,,
2017-08-08,,,,,2.29,10.96,,,,,,
2017-08-09,,,,,2.24,11.11,,,,,,
2017-08-10,,,,,2.2,16.04,3.9,,,,,
2017-08-11,,,,,2.19,15.51,,,,,,
2017-08-14,,,,,2.22,12.33,,,,,,
2017-08-15,,,,,2.27,12.04,,,,,,
2017-08-16,,,,,2.23,11.74,,,,,,
2017-08-17,,,,,2.19,15.55,3.89,,,,,
2017-08-18,,,,,2.19,14.26,,,,,,
2017-08-21,,,,,2.18,13.19,,,,,,
2017-08-22,,,,,2.22,11.35,,,,,,
2017-08-23,,,,,2.17,12.25,,,,,,
2017-08-24,,,,,2.19,12.23,3.86,,,,,
2017-08-25,,,,,2.17,11.28,,,,,,
2017-08-28,,,,,2.16,11.32,,,,,,
2017-08-29,,,,,2.13,11.7,,,,,,
2017-08-30,,,,,2.15,11.22,,,,,,
2017-08-31,,,,,2.12,10.59,3.82,,,,,
2017-09-01,,4.3,246.435,1.15,2.16,10.13,,,193.732,194.804,426256.0,246.435
2017-09-04,,,,,,,,,,,,
2017-09-05,,,,,2.07,12.23,,,,,,
2017-09-06,,,,,2.1,11.63,,,,,,
2017-09-07,,,,,2.05,11.55,3.78,,,,,
2017-09-08,,,,,2.06,12.12,,,,,,
2017-09-11,,,,,2.14,10.73,,,,,,
2017-09-12,,,,,2.17,10.58,,,,,,
2017-09-13,,,,,2.2,10.5,,,,,,
2017-09-14,,,,,2.2,10.44,3.78,,,,,
2017-09-15,,,,,2.2,10.17,,,,,,
2017-09-18,,,,,2.23,10.15,,,,,,
2017-09-19,,,,,2.24,10.18,,,,,,
2017-09-20,,,,,2.28,9.78,,,,,,
2017-09-21,,,,,2.27,9.67,3.83,,,,,
2017-09-22,,,,,2.26,9.59,,,,,,
2017-09-25,,,,,2.22,10.21,,,,,,
2017-09-26,,,,,2.24,10.17,,,,,,
2017-09-27,,,,,2.31,9.87,,,,,,
2017-09-28,,,,,2.31,9.55,3.83,,,,,
2017-09-29,,,,,2.33,9.51,,,,,,
2017-10-01,20037.088,4.2,246.626,1.15,,,,337900.0,194.78099999999998,195.072,426561.0,246.626
2017-10-02,,,,,2.34,9.45,,,,,,
2017-10-03,,,,,2.33,9.51,,,,,,
2017-10-04,,,,,2.33,9.63,,,,,,
2017-10-05,,,,,2.35,9.19,3.85,,,,,
2017-10-06,,,,,2.37,9.65,,,,,,
2017-10-09,,,,,,10.33,,,,,,
2017-10-10,,,,,2.35,10.08,,,,,,
2017-10-11,,,,,2.35,9.85,,,,,,
2017-10-12,,,,,2.33,9.91,3.91,,,,,
2017-10-13,,,,,2.28,9.61,,,,,,
2017-10-16,,,,,2.3,9.91,,,,,,
2017-10-17,,,,,2.3,10.31,,,,,,
2017-10-18,,,,,2.34,10.07,,,,,,
2017-10-19,,,,,2.33,10.05,3.88,,,,,
2017-10-20,,,,,2.39,9.97,,,,,,
2017-10-23,,,,,2.38,11.07,,,,,,
2017-10-24,,,,,2.42,11.16,,,,,,
2017-10-25,,,,,2.44,11.23,,,,,,
2017-10-26,,,,,2.46,11.3,3.94,,,,,
2017-10-27,,,,,2.42,9.8,,,,,,
2017-10-30,,,,,2.37,10.5,,,,,,
2017-10-31,,,,,2.38,10.18,,,,,,
2017-11-01,,4.2,247.284,1.16,2.37,10.2,,,195.93400000000003,195.43900000000002,431085.0,247.284
2017-11-02,,,,,2.35,9.93,3.94,,,,,
2017-11-03,,,,,2.34,9.14,,,,,,
2017-11-06,,,,,2.32,9.4,,,,,,
2017-11-07,,,,,2.32,9.89,,,,,,
2017-11-08,,,,,2.32,9.78,,,,,,
2017-11-09,,,,,2.33,10.5,3.9,,,,,
2017-11-10,,,,,2.4,11.29,,,,,,
2017-11-13,,,,,2.4,11.5,,,,,,
2017-11-14,,,,,2.38,11.59,,,,,,
2017-11-15,,,,,2.33,13.13,,,,,,
2017-11-16,,,,,2.37,11.76,3.95,,,,,
2017-11-17,,,,,2.35,11.43,,,,,,
2017-11-20,,,,,2.37,10.65,,,,,,
2017-11-21,,,,,2.36,9.73,,,,,,
2017-11-22,,,,,2.32,9.88,3.92,,,,,
2017-11-23,,,,,,,,,,,,
2017-11-24,,,,,2.34,9.67,,,,,,
2017-11-27,,,,,2.32,9.87,,,,,,
2017-11-28,,,,,2.34,10.03,,,,,,
2017-11-29,,,,,2.37,10.7,,,,,,
2017-11-30,,,,,2.42,11.28,3.9,,,,,
2017-12-01,,4.1,247.805,1.3,2.37,11.43,,,197.158,195.83599999999998,433299.0,247.805
2017-12-04,,,,,2.37,11.68,,,,,,
2017-12-05,,,,,2.36,11.33,,,,,,
2017-12-06,,,,,2.33,11.02,,,,,,
2017-12-07,,,,,2.37,10.16,3.94,,,,,
2017-12-08,,,,,2.38,9.58,,,,,,
2017-12-11,,,,,2.39,9.34,,,,,,
2017-12-12,,,,,2.4,9.92,,,,,,
2017-12-13,,,,,2.36,10.18,,,,,,
2017-12-14,,,,,2.35,10.49,3.93,,,,,
2017-12-15,,,,,2.35,9.42,,,,,,
2017-12-18,,,,,2.39,9.53,,,,,,
2017-12-19,,,,,2.46,10.03,,,,,,
2017-12-20,,,,,2.49,9.72,,,,,,
2017-12-21,,,,,2.48,9.62,3.94,,,,,
2017-12-22,,,,,2.48,9.9,,,,,,
2017-12-25,,,,,,,,,,,,
2017-12-26,,,,,2.47,10.25,,,,,,
2017-12-27,,,,,2.42,10.47,,,,,,
2017-12-28,,,,,2.43,10.18,3.99,,,,,
2017-12-29,,,,,2.4,11.04,,,,,,
2018-01-01,20328.553,4.0,248.859,1.41,,,,331800.0,198.297,196.104,431006.0,248.859
2018-01-02,,,,,2.46,9.77,,,,,,
2018-01-03,,,,,2.44,9.15,,,,,,
2018-01-04,,,,,2.46,9.22,3.95,,,,,
2018-01-05,,,,,2.47,9.22,,,,,,
2018-01-08,,,,,2.49,9.52,,,,,,
2018-01-09,,,,,2.55,10.08,,,,,,
2018-01-10,,,,,2.55,9.82,,,,,,
2018-01-11,,,,,2.54,9.88,3.99,,,,,
2018-01-12,,,,,2.55,10.16,,,,,,
2018-01-15,,,,,,,,,,,,
2018-01-16,,,,,2.54,11.66,,,,,,
2018-01-17,,,,,2.57,11.91,,,,,,
2018-01-18,,,,,2.62,12.22,4.04,,,,,
2018-01-19,,,,,2.64,11.27,,,,,,
2018-01-22,,,,,2.66,11.03,,,,,,
2018-01-23,,,,,2.63,11.1,,,,,,
2018-01-24,,,,,2.65,11.47,,,,,,
2018-01-25,,,,,2.63,11.58,4.15,,,,,
2018-01-26,,,,,2.66,11.08,,,,,,
2018-01-29,,,,,2.7,13.84,,,,,,
2018-01-30,,,,,2.73,14.79,,,,,,
2018-01-31,,,,,2.72,13.54,,,,,,
2018-02-01,,4.1,249.529,1.42,2.78,13.47,4.22,,199.226,196.893,433647.0,249.529
2018-02-02,,,,,2.84,17.31,,,,,,
2018-02-05,,,,,2.77,37.32,,,,,,
2018-02-06,,,,,2.79,29.98,,,,,,
2018-02-07,,,,,2.84,27.73,,,,,,
2018-02-08,,,,,2.85,33.46,4.32,,,,,
2018-02-09,,,,,2.83,29.06,,,,,,
2018-02-12,,,,,2.86,25.61,,,,,,
2018-02-13,,,,,2.83,24.97,,,,,,
2018-02-14,,,,,2.91,19.26,,,,,,
2018-02-15,,,,,2.9,19.13,4.38,,,,,
2018-02-16,,,,,2.87,19.46,,,,,,
2018-02-19,,,,,,,,,,,,
2018-02-20,,,,,2.88,20.6,,,,,,
2018-02-21,,,,,2.94,20.02,,,,,,
2018-02-22,,,,,2.92,18.72,4.4,,,,,
2018-02-23,,,,,2.88,16.49,,,,,,
2018-02-26,,,,,2.86,15.8,,,,,,
2018-02-27,,,,,2.9,18.59,,,,,,
2018-02-28,,,,,2.87,19.85,,,,,,
2018-03-01,,4.0,249.577,1.51,2.81,22.47,4.43,,199.963,198.56,432774.0,249.577
2018-03-02,,,,,2.86,19.59,,,,,,
2018-03-05,,,,,2.88,18.73,,,,,,
2018-03-06,,,,,2.88,18.36,,,,,,
2018-03-07,,,,,2.89,17.76,,,,,,
2018-03-08,,,,,2.86,16.54,4.46,,,,,
2018-03-09,,,,,2.9,14.64,,,,,,
2018-03-12,,,,,2.87,15.78,,,,,,
2018-03-13,,,,,2.84,16.35,,,,,,
2018-03-14,,,,,2.81,17.23,,,,,,
2018-03-15,,,,,2.82,16.59,4.44,,,,,
2018-03-16,,,,,2.85,15.8,,,,,,
2018-03-19,,,,,2.85,19.02,,,,,,
2018-03-20,,,,,2.89,18.2,,,,,,
2018-03-21,,,,,2.89,17.86,,,,,,
2018-03-22,,,,,2.83,23.34,4.45,,,,,
2018-03-23,,,,,2.82,24.87,,,,,,
2018-03-26,,,,,2.85,21.03,,,,,,
2018-03-27,,,,,2.78,22.5,,,,,,
2018-03-28,,,,,2.77,22.87,,,,,,
2018-03-29,,,,,2.74,19.97,4.44,,,,,
2018-03-30,,,,,,,,,,,,
2018-04-01,20580.912,4.0,250.227,1.69,,,,315600.0,200.65200000000002,200.6,434998.0,250.227
2018-04-02,,,,,2.73,23.62,,,,,,
2018-04-03,,,,,2.79,21.1,,,,,,
2018-04-04,,,,,2.79,20.06,,,,,,
2018-04-05,,,,,2.83,18.94,4.4,,,,,
2018-04-06,,,,,2.77,21.49,,,,,,
2018-04-09,,,,,2.78,21.77,,,,,,
2018-04-10,,,,,2.8,20.47,,,,,,
2018-04-11,,,,,2.79,20.24,,,,,,
2018-04-12,,,,,2.83,18.49,4.42,,,,,
2018-04-13,,,,,2.82,17.41,,,,,,
2018-04-16,,,,,2.83,16.56,,,,,,
2018-04-17,,,,,2.82,15.25,,,,,,
2018-04-18,,,,,2.87,15.6,,,,,,
2018-04-19,,,,,2.92,15.96,4.47,,,,,
2018-04-20,,,,,2.96,16.88,,,,,,
2018-04-23,,,,,2.98,16.34,,,,,,
2018-04-24,,,,,3.0,18.02,,,,,,
2018-04-25,,,,,3.03,17.84,,,,,,
2018-04-26,,,,,3.0,16.24,4.58,,,,,
2018-04-27,,,,,2.96,15.41,,,,,,
2018-04-30,,,,,2.95,15.93,,,,,,
2018-05-01,,3.8,250.792,1.7,2.97,15.49,,,201.41,202.43599999999998,440091.0,250.792
2018-05-02,,,,,2.97,15.97,,,,,,
2018-05-03,,,,,2.94,15.9,4.55,,,,,
2018-05-04,,,,,2.95,14.77,,,,,,
2018-05-07,,,,,2.95,14.75,,,,,,
2018-05-08,,,,,2.97,14.71,,,,,,
2018-05-09,,,,,3.0,13.42,,,,,,
2018-05-10,,,,,2.97,13.23,4.55,,,,,
2018-05-11,,,,,2.97,12.65,,,,,,
2018-05-14,,,,,3.0,12.93,,,,,,
2018-05-15,,,,,3.08,14.63,,,,,,
2018-05-16,,,,,3.09,13.42,,,,,,
2018-05-17,,,,,3.11,13.43,4.61,,,,,
2018-05-18,,,,,3.06,13.42,,,,,,
2018-05-21,,,,,3.06,13.08,,,,,,
2018-05-22,,,,,3.06,13.22,,,,,,
2018-05-23,,,,,3.01,12.58,,,,,,
2018-05-24,,,,,2.98,12.53,4.66,,,,,
2018-05-25,,,,,2.93,13.22,,,,,,
2018-05-28,,,,,,,,,,,,
2018-05-29,,,,,2.77,17.02,,,,,,
2018-05-30,,,,,2.84,14.94,,,,,,
2018-05-31,,,,,2.83,15.43,4.56,,,,,
2018-06-01,,4.0,251.018,1.82,2.89,13.46,,,202.208,204.028,437762.0,251.018
2018-06-04,,,,,2.94,12.74,,,,,,
2018-06-05,,,,,2.92,12.4,,,,,,
2018-06-06,,,,,2.97,11.64,,,,,,
2018-06-07,,,,,2.93,12.13,4.54,,,,,
2018-06-08,,,,,2.93,12.18,,,,,,
2018-06-11,,,,,2.96,12.35,,,,,,
2018-06-12,,,,,2.96,12.34,,,,,,
2018-06-13,,,,,2.98,12.94,,,,,,
2018-06-14,,,,,2.94,12.12,4.62,,,,,
2018-06-15,,,,,2.93,11.98,,,,,,
2018-06-18,,,,,2.92,12.31,,,,,,
2018-06-19,,,,,2.89,13.35,,,,,,
2018-06-20,,,,,2.93,12.79,,,,,,
2018-06-21,,,,,2.9,14.64,4.57,,,,,
2018-06-22,,,,,2.9,13.77,,,,,,
2018-06-25,,,,,2.87,17.33,,,,,,
2018-06-26,,,,,2.88,15.92,,,,,,
2018-06-27,,,,,2.83,17.91,,,,,,
2018-06-28,,,,,2.84,16.85,4.55,,,,,
2018-06-29,,,,,2.85,16.09,,,,,,
2018-07-01,20798.73,3.8,251.214,1.91,,,,330900.0,202.893,204.937,440024.0,251.214
2018-07-02,,,,,2.87,15.6,,,,,,
2018-07-03,,,,,2.83,16.14,,,,,,
2018-07-04,,,,,,,,,,,,
2018-07-05,,,,,2.84,14.97,4.52,,,,,
2018-07-06,,,,,2.82,13.37,,,,,,
2018-07-09,,,,,2.86,12.69,,,,,,
2018-07-10,,,,,2.87,12.64,,,,,,
2018-07-11,,,,,2.85,13.63,,,,,,
2018-07-12,,,,,2.85,12.58,4.53,,,,,
2018-07-13,,,,,2.83,12.18,,,,,,
2018-07-16,,,,,2.85,12.83,,,,,,
2018-07-17,,,,,2.86,12.06,,,,,,
2018-07-18,,,,,2.88,12.1,,,,,,
2018-07-19,,,,,2.84,12.87,4.52,,,,,
2018-07-20,,,,,2.89,12.86,,,,,,
2018-07-23,,,,,2.96,12.62,,,,,,
2018-07-24,,,,,2.95,12.41,,,,,,
2018-07-25,,,,,2.94,12.29,,,,,,
2018-07-26,,,,,2.98,12.14,4.54,,,,,
2018-07-27,,,,,2.96,13.03,,,,,,
2018-07-30,,,,,2.98,14.26,,,,,,
2018-07-31,,,,,2.96,12.83,,,,,,
2018-08-01,,3.8,251.663,1.91,3.0,13.15,,,203.653,205.31400000000002,439439.0,251.663
2018-08-02,,,,,2.98,12.19,4.6,,,,,
2018-08-03,,,,,2.95,11.64,,,,,,
2018-08-06,,,,,2.94,11.27,,,,,,
2018-08-07,,,,,2.98,10.93,,,,,,
2018-08-08,,,,,2.96,10.85,,,,,,
2018-08-09,,,,,2.93,11.27,4.59,,,,,
2018-08-10,,,,,2.87,13.16,,,,,,
2018-08-13,,,,,2.88,14.78,,,,,,
2018-08-14,,,,,2.89,13.31,,,,,,
2018-08-15,,,,,2.86,14.64,,,,,,
2018-08-16,,,,,2.87,13.45,4.53,,,,,
2018-08-17,,,,,2.87,12.64,,,,,,
2018-08-20,,,,,2.82,12.49,,,,,,
2018-08-21,,,,,2.85,12.86,,,,,,
2018-08-22,,,,,2.82,12.25,,,,,,
2018-08-23,,,,,2.82,12.41,4.51,,,,,
2018-08-24,,,,,2.82,11.99,,,,,,
2018-08-27,,,,,2.85,12.16,,,,,,
2018-08-28,,,,,2.88,12.5,,,,,,
2018-08-29,,,,,2.89,12.25,,,,,,
2018-08-30,,,,,2.86,13.53,4.52,,,,,
2018-08-31,,,,,2.86,12.86,,,,,,
2018-09-01,,3.7,252.182,1.95,,,,,204.312,205.361,438880.0,252.182
2018-09-03,,,,,,,,,,,,
2018-09-04,,,,,2.9,13.16,,,,,,
2018-09-05,,,,,2.9,13.91,,,,,,
2018-09-06,,,,,2.88,14.65,4.54,,,,,
2018-09-07,,,,,2.94,14.88,,,,,,
2018-09-10,,,,,2.94,14.16,,,,,,
2018-09-11,,,,,2.98,13.22,,,,,,
2018-09-12,,,,,2.97,13.14,,,,,,
2018-09-13,,,,,2.97,12.37,4.6,,,,,
2018-09-14,,,,,2.99,12.07,,,,,,
2018-09-17,,,,,2.99,13.68,,,,,,
2018-09-18,,,,,3.05,12.79,,,,,,
2018-09-19,,,,,3.08,11.75,,,,,,
2018-09-20,,,,,3.07,11.8,4.65,,,,,
2018-09-21,,,,,3.07,11.68,,,,,,
2018-09-24,,,,,3.08,12.2,,,,,,
2018-09-25,,,,,3.1,12.42,,,,,,
2018-09-26,,,,,3.06,12.89,,,,,,
2018-09-27,,,,,3.06,12.41,4.72,,,,,
2018-09-28,,,,,3.05,12.12,,,,,,
2018-10-01,20917.867,3.8,252.772,2.19,3.09,12.0,,322800.0,205.075,205.355,443924.0,252.772
2018-10-02,,,,,3.05,12.05,,,,,,
2018-10-03,,,,,3.15,11.61,,,,,,
2018-10-04,,,,,3.19,14.22,4.71,,,,,
2018-10-05,,,,,3.23,14.82,,,,,,
2018-10-08,,,,,,15.69,,,,,,
2018-10-09,,,,,3.21,15.95,,,,,,
2018-10-10,,,,,3.22,22.96,,,,,,
2018-10-11,,,,,3.14,24.98,4.9,,,,,
2018-10-12,,,,,3.15,21.31,,,,,,
2018-10-15,,,,,3.16,21.3,,,,,,
2018-10-16,,,,,3.16,17.62,,,,,,
2018-10-17,,,,,3.19,17.4,,,,,,
2018-10-18,,,,,3.17,20.06,4.85,,,,,
2018-10-19,,,,,3.2,19.89,,,,,,
2018-10-22,,,,,3.2,19.64,,,,,,
2018-10-23,,,,,3.17,20.71,,,,,,
2018-10-24,,,,,3.1,25.23,,,,,,
2018-10-25,,,,,3.14,24.22,4.86,,,,,
2018-10-26,,,,,3.08,24.16,,,,,,
2018-10-29,,,,,3.08,24.7,,,,,,
2018-10-30,,,,,3.12,23.35,,,,,,
2018-10-31,,,,,3.15,21.23,,,,,,
2018-11-01,,3.8,252.594,2.2,3.14,19.34,4.83,,205.64700000000002,205.093,445847.0,252.594
2018-11-02,,,,,3.22,19.51,,,,,,
2018-11-05,,,,,3.2,19.96,,,,,,
2018-11-06,,,,,3.22,19.91,,,,,,
2018-11-07,,,,,3.22,16.36,,,,,,
2018-11-08,,,,,3.24,16.72,4.94,,,,,
2018-11-09,,,,,3.19,17.36,,,,,,
2018-11-12,,,,,,20.45,,,,,,
2018-11-13,,,,,3.14,20.02,,,,,,
2018-11-14,,,,,3.12,21.25,,,,,,
2018-11-15,,,,,3.11,19.98,4.94,,,,,
2018-11-16,,,,,3.08,18.14,,,,,,
2018-11-19,,,,,3.06,20.1,,,,,,
2018-11-20,,,,,3.06,22.48,,,,,,
2018-11-21,,,,,3.06,20.8,4.81,,,,,
2018-11-22,,,,,,,,,,,,
2018-11-23,,,,,3.05,21.52,,,,,,
2018-11-26,,,,,3.07,18.9,,,,,,
2018-11-27,,,,,3.06,19.02,,,,,,
2018-11-28,,,,,3.06,18.49,,,,,,
2018-11-29,,,,,3.03,18.79,4.81,,,,,
2018-11-30,,,,,3.01,18.07,,,,,,
2018-12-01,,3.9,252.767,2.27,,,,,206.139,204.683,435613.0,252.767
2018-12-03,,,,,2.98,16.44,,,,,,
2018-12-04,,,,,2.91,20.74,,,,,,
2018-12-05,,,,,,,,,,,,
2018-12-06,,,,,2.87,21.19,4.75,,,,,
2018-12-07,,,,,2.85,23.23,,,,,,
2018-12-10,,,,,2.85,22.64,,,,,,
2018-12-11,,,,,2.89,21.76,,,,,,
2018-12-12,,,,,2.91,21.46,,,,,,
2018-12-13,,,,,2.91,20.65,4.63,,,,,
2018-12-14,,,,,2.89,21.63,,,,,,
2018-12-17,,,,,2.86,24.52,,,,,,
2018-12-18,,,,,2.82,25.58,,,,,,
2018-12-19,,,,,2.77,25.58,,,,,,
2018-12-20,,,,,2.79,28.38,4.62,,,,,
2018-12-21,,,,,2.79,30.11,,,,,,
2018-12-24,,,,,2.74,36.07,,,,,,
2018-12-25,,,,,,,,,,,,
2018-12-26,,,,,2.81,30.41,,,,,,
2018-12-27,,,,,2.77,29.96,4.55,,,,,
2018-12-28,,,,,2.72,28.34,,,,,,
2018-12-31,,,,,2.69,25.42,,,,,,
2019-01-01,21111.6,4.0,252.561,2.4,,,,313000.0,206.52900000000002,204.185,438860.0,252.561
2019-01-02,,,,,2.66,23.22,,,,,,
2019-01-03,,,,,2.56,25.45,4.51,,,,,
2019-01-04,,,,,2.67,21.38,,,,,,
2019-01-07,,,,,2.7,21.4,,,,,,
2019-01-08,,,,,2.73,20.47,,,,,,
2019-01-09,,,,,2.74,19.98,,,,,,
2019-01-10,,,,,2.74,19.5,4.45,,,,,
2019-01-11,,,,,2.71,18.19,,,,,,
2019-01-14,,,,,2.71,19.07,,,,,,
2019-01-15,,,,,2.72,18.6,,,,,,
2019-01-16,,,,,2.73,19.04,,,,,,
2019-01-17,,,,,2.75,18.06,4.45,,,,,
2019-01-18,,,,,2.79,17.8,,,,,,
2019-01-21,,,,,,,,,,,,
2019-01-22,,,,,2.74,20.8,,,,,,
2019-01-23,,,,,2.76,19.52,,,,,,
2019-01-24,,,,,2.72,18.89,4.45,,,,,
2019-01-25,,,,,2.76,17.42,,,,,,
2019-01-28,,,,,2.75,18.87,,,,,,
2019-01-29,,,,,2.72,19.13,,,,,,
2019-01-30,,,,,2.7,17.66,,,,,,
2019-01-31,,,,,2.63,16.57,4.46,,,,,
2019-02-01,,3.8,253.319,2.4,2.7,16.14,,,206.855,204.41,439249.0,253.319
2019-02-04,,,,,2.73,15.73,,,,,,
2019-02-05,,,,,2.71,15.57,,,,,,
2019-02-06,,,,,2.7,15.38,,,,,,
2019-02-07,,,,,2.65,16.37,4.41,,,,,
2019-02-08,,,,,2.63,15.72,,,,,,
2019-02-11,,,,,2.65,15.97,,,,,,
2019-02-12,,,,,2.68,15.43,,,,,,
2019-02-13,,,,,2.71,15.65,,,,,,
2019-02-14,,,,,2.66,16.22,4.37,,,,,
2019-02-15,,,,,2.66,14.91,,,,,,
2019-02-18,,,,,,,,,,,,
2019-02-19,,,,,2.65,14.88,,,,,,
2019-02-20,,,,,2.65,14.02,,,,,,
2019-02-21,,,,,2.69,14.46,4.35,,,,,
2019-02-22,,,,,2.65,13.51,,,,,,
2019-02-25,,,,,2.67,14.85,,,,,,
2019-02-26,,,,,2.64,15.17,,,,,,
2019-02-27,,,,,2.69,14.7,,,,,,
2019-02-28,,,,,2.73,14.78,4.35,,,,,
2019-03-01,,3.8,254.277,2.41,2.76,13.57,,,207.076,205.75900000000001,446687.0,254.277
2019-03-04,,,,,2.72,14.63,,,,,,
2019-03-05,,,,,2.72,14.74,,,,,,
2019-03-06,,,,,2.69,15.74,,,,,,
2019-03-07,,,,,2.64,16.59,4.41,,,,,
2019-03-08,,,,,2.62,16.05,,,,,,
2019-03-11,,,,,2.64,14.33,,,,,,
2019-03-12,,,,,2.61,13.77,,,,,,
2019-03-13,,,,,2.61,13.41,,,,,,
2019-03-14,,,,,2.63,13.5,4.31,,,,,
2019-03-15,,,,,2.59,12.88,,,,,,
2019-03-18,,,,,2.6,13.1,,,,,,
2019-03-19,,,,,2.61,13.56,,,,,,
2019-03-20,,,,,2.54,13.91,,,,,,
2019-03-21,,,,,2.54,13.63,4.28,,,,,
2019-03-22,,,,,2.44,16.48,,,,,,
2019-03-25,,,,,2.43,16.33,,,,,,
2019-03-26,,,,,2.41,14.68,,,,,,
2019-03-27,,,,,2.39,15.15,,,,,,
2019-03-28,,,,,2.39,14.43,4.06,,,,,
2019-03-29,,,,,2.41,13.71,,,,,,
2019-04-01,21397.938,3.7,255.233,2.42,2.49,13.4,,322500.0,207.52900000000002,207.675,446833.0,255.233
2019-04-02,,,,,2.48,13.36,,,,,,
2019-04-03,,,,,2.52,13.74,,,,,,
2019-04-04,,,,,2.51,13.58,4.08,,,,,
2019-04-05,,,,,2.5,12.82,,,,,,
2019-04-08,,,,,2.52,13.18,,,,,,
2019-04-09,,,,,2.51,14.28,,,,,,
2019-04-10,,,,,2.48,13.3,,,,,,
2019-04-11,,,,,2.51,13.02,4.12,,,,,
2019-04-12,,,,,2.56,12.01,,,,,,
2019-04-15,,,,,2.55,12.32,,,,,,
2019-04-16,,,,,2.6,12.18,,,,,,
2019-04-17,,,,,2.59,12.6,,,,,,
2019-04-18,,,,,2.57,12.09,4.17,,,,,
2019-04-19,,,,,,,,,,,,
2019-04-22,,,,,2.59,12.42,,,,,,
2019-04-23,,,,,2.57,12.28,,,,,,
2019-04-24,,,,,2.53,13.14,,,,,,
2019-04-25,,,,,2.54,13.25,4.2,,,,,
2019-04-26,,,,,2.51,12.73,,,,,,
2019-04-29,,,,,2.54,13.11,,,,,,
2019-04-30,,,,,2.51,13.12,,,,,,
2019-05-01,,3.6,255.296,2.39,2.52,14.8,,,208.13099999999997,209.33900000000003,449524.0,255.296
2019-05-02,,,,,2.55,14.42,4.14,,,,,
2019-05-03,,,,,2.54,12.87,,,,,,
2019-05-06,,,,,2.51,15.44,,,,,,
2019-05-07,,,,,2.45,19.32,,,,,,
2019-05-08,,,,,2.49,19.4,,,,,,
2019-05-09,,,,,2.45,19.1,4.1,,,,,
2019-05-10,,,,,2.47,16.04,,,,,,
2019-05-13,,,,,2.4,20.55,,,,,,
2019-05-14,,,,,2.42,18.06,,,,,,
2019-05-15,,,,,2.37,16.44,,,,,,
2019-05-16,,,,,2.4,15.29,4.07,,,,,
2019-05-17,,,,,2.39,15.96,,,,,,
2019-05-20,,,,,2.41,16.31,,,,,,
2019-05-21,,,,,2.43,14.95,,,,,,
2019-05-22,,,,,2.39,14.75,,,,,,
2019-05-23,,,,,2.31,16.92,4.06,,,,,
2019-05-24,,,,,2.32,15.85,,,,,,
2019-05-27,,,,,,,,,,,,
2019-05-28,,,,,2.26,17.5,,,,,,
2019-05-29,,,,,2.25,17.9,,,,,,
2019-05-30,,,,,2.22,17.3,3.99,,,,,
2019-05-31,,,,,2.14,18.71,,,,,,
2019-06-01,,3.6,255.213,2.38,,,,,208.60299999999998,210.572,449409.0,255.213
2019-06-03,,,,,2.07,18.86,,,,,,
2019-06-04,,,,,2.12,16.97,,,,,,
2019-06-05,,,,,2.12,16.09,,,,,,
2019-06-06,,,,,2.12,15.93,3.82,,,,,
2019-06-07,,,,,2.09,16.3,,,,,,
2019-06-10,,,,,2.15,15.94,,,,,,
2019-06-11,,,,,2.15,15.99,,,,,,
2019-06-12,,,,,2.13,15.91,,,,,,
2019-06-13,,,,,2.1,15.82,3.82,,,,,
2019-06-14,,,,,2.09,15.28,,,,,,
2019-06-17,,,,,2.09,15.35,,,,,,
2019-06-18,,,,,2.06,15.15,,,,,,
2019-06-19,,,,,2.03,14.33,,,,,,
2019-06-20,,,,,2.01,14.75,3.84,,,,,
2019-06-21,,,,,2.07,15.4,,,,,,
2019-06-24,,,,,2.02,15.26,,,,,,
2019-06-25,,,,,2.0,16.28,,,,,,
2019-06-26,,,,,2.05,16.21,,,,,,
2019-06-27,,,,,2.01,15.82,3.73,,,,,
2019-06-28,,,,,2.0,15.08,,,,,,
2019-07-01,21717.171,3.7,255.802,2.4,2.03,14.06,,318400.0,209.208,211.322,453221.0,255.802
2019-07-02,,,,,1.98,12.93,,,,,,
2019-07-03,,,,,1.96,12.57,3.75,,,,,
2019-07-04,,,,,,,,,,,,
2019-07-05,,,,,2.04,13.28,,,,,,
2019-07-08,,,,,2.05,13.96,,,,,,
2019-07-09,,,,,2.07,14.09,,,,,,
2019-07-10,,,,,2.07,13.03,,,,,,
2019-07-11,,,,,2.13,12.93,3.75,,,,,
2019-07-12,,,,,2.12,12.39,,,,,,
2019-07-15,,,,,2.09,12.68,,,,,,
2019-07-16,,,,,2.13,12.86,,,,,,
2019-07-17,,,,,2.06,13.97,,,,,,
2019-07-18,,,,,2.04,13.53,3.81,,,,,
2019-07-19,,,,,2.05,14.45,,,,,,
2019-07-22,,,,,2.05,13.53,,,,,,
2019-07-23,,,,,2.08,12.61,,,,,,
2019-07-24,,,,,2.05,12.07,,,,,,
2019-07-25,,,,,2.08,12.74,3.75,,,,,
2019-07-26,,,,,2.08,12.16,,,,,,
2019-07-29,,,,,2.06,12.83,,,,,,
2019-07-30,,,,,2.06,13.94,,,,,,
2019-07-31,,,,,2.02,16.12,,,,,,
2019-08-01,,3.6,256.036,2.13,1.9,17.87,3.75,,210.02900000000002,211.68,456082.0,256.036
2019-08-02,,,,,1.86,17.61,,,,,,
2019-08-05,,,,,1.75,24.59,,,,,,
2019-08-06,,,,,1.73,20.17,,,,,,
2019-08-07,,,,,1.71,19.49,,,,,,
2019-08-08,,,,,1.72,16.91,3.6,,,,,
2019-08-09,,,,,1.74,17.97,,,,,,
2019-08-12,,,,,1.65,21.09,,,,,,
2019-08-13,,,,,1.68,17.52,,,,,,
2019-08-14,,,,,1.59,22.1,,,,,,
2019-08-15,,,,,1.52,21.18,3.6,,,,,
2019-08-16,,,,,1.55,18.47,,,,,,
2019-08-19,,,,,1.6,16.88,,,,,,
2019-08-20,,,,,1.55,17.5,,,,,,
2019-08-21,,,,,1.59,15.8,,,,,,
2019-08-22,,,,,1.62,16.68,3.55,,,,,
2019-08-23,,,,,1.52,19.87,,,,,,
2019-08-26,,,,,1.54,19.32,,,,,,
2019-08-27,,,,,1.49,20.31,,,,,,
2019-08-28,,,,,1.47,19.35,,,,,,
2019-08-29,,,,,1.5,17.88,3.58,,,,,
2019-08-30,,,,,1.5,18.98,,,,,,
2019-09-01,,3.5,256.43,2.04,,,,,210.83599999999998,211.859,452230.0,256.43
2019-09-02,,,,,,,,,,,,
2019-09-03,,,,,1.47,19.66,,,,,,
2019-09-04,,,,,1.47,17.33,,,,,,
2019-09-05,,,,,1.57,16.27,3.49,,,,,
2019-09-06,,,,,1.55,15.0,,,,,,
2019-09-09,,,,,1.63,15.27,,,,,,
2019-09-10,,,,,1.72,15.2,,,,,,
2019-09-11,,,,,1.75,14.61,,,,,,
2019-09-12,,,,,1.79,14.22,3.56,,,,,
2019-09-13,,,,,1.9,13.74,,,,,,
2019-09-16,,,,,1.84,14.67,,,,,,
2019-09-17,,,,,1.81,14.44,,,,,,
2019-09-18,,,,,1.8,13.95,,,,,,
2019-09-19,,,,,1.79,14.05,3.73,,,,,
2019-09-20,,,,,1.74,15.32,,,,,,
2019-09-23,,,,,1.72,14.91,,,,,,
2019-09-24,,,,,1.64,17.05,,,,,,
2019-09-25,,,,,1.73,15.96,,,,,,
2019-09-26,,,,,1.7,16.07,3.64,,,,,
2019-09-27,,,,,1.69,17.22,,,,,,
2019-09-30,,,,,1.68,16.24,,,,,,
2019-10-01,21933.217,3.6,257.155,1.83,1.65,18.56,,327100.0,211.726,211.953,453365.0,257.155
2019-10-02,,,,,1.6,20.56,,,,,,
2019-10-03,,,,,1.54,19.12,3.65,,,,,
2019-10-04,,,,,1.52,17.04,,,,,,
2019-10-07,,,,,1.56,17.86,,,,,,
2019-10-08,,,,,1.54,20.28,,,,,,
2019-10-09,,,,,1.59,18.64,,,,,,
2019-10-10,,,,,1.67,17.57,3.57,,,,,
2019-10-11,,,,,1.76,15.58,,,,,,
2019-10-14,,,,,,14.57,,,,,,
2019-10-15,,,,,1.77,13.54,,,,,,
2019-10-16,,,,,1.75,13.68,,,,,,
2019-10-17,,,,,1.76,13.79,3.69,,,,,
2019-10-18,,,,,1.76,14.25,,,,,,
2019-10-21,,,,,1.8,14.0,,,,,,
2019-10-22,,,,,1.78,14.46,,,,,,
2019-10-23,,,,,1.77,14.01,,,,,,
2019-10-24,,,,,1.77,13.71,3.75,,,,,
2019-10-25,,,,,1.8,12.65,,,,,,
2019-10-28,,,,,1.85,13.11,,,,,,
2019-10-29,,,,,1.84,13.2,,,,,,
2019-10-30,,,,,1.78,12.33,,,,,,
2019-10-31,,,,,1.69,13.22,3.78,,,,,
2019-11-01,,3.6,257.879,1.55,1.73,12.3,,,212.764,212.093,456587.0,257.879
2019-11-04,,,,,1.79,12.83,,,,,,
2019-11-05,,,,,1.86,13.1,,,,,,
2019-11-06,,,,,1.81,12.62,,,,,,
2019-11-07,,,,,1.92,12.73,3.69,,,,,
2019-11-08,,,,,1.94,12.07,,,,,,
2019-11-11,,,,,,12.69,,,,,,
2019-11-12,,,,,1.92,12.68,,,,,,
2019-11-13,,,,,1.88,13.0,,,,,,
2019-11-14,,,,,1.82,13.05,3.75,,,,,
2019-11-15,,,,,1.84,12.05,,,,,,
2019-11-18,,,,,1.81,12.46,,,,,,
2019-11-19,,,,,1.79,12.86,,,,,,
2019-11-20,,,,,1.73,12.78,,,,,,
2019-11-21,,,,,1.77,13.13,3.66,,,,,
2019-11-22,,,,,1.77,12.34,,,,,,
2019-11-25,,,,,1.76,11.87,,,,,,
2019-11-26,,,,,1.74,11.54,,,,,,
2019-11-27,,,,,1.77,11.75,3.68,,,,,
2019-11-28,,,,,,,,,,,,
2019-11-29,,,,,1.78,12.62,,,,,,
2019-12-01,,3.6,258.63,1.55,,,,,213.935,212.226,457253.0,258.63
2019-12-02,,,,,1.83,14.91,,,,,,
2019-12-03,,,,,1.72,15.96,,,,,,
2019-12-04,,,,,1.77,14.8,,,,,,
2019-12-05,,,,,1.8,14.52,3.68,,,,,
2019-12-06,,,,,1.84,13.62,,,,,,
2019-12-09,,,,,1.83,15.86,,,,,,
2019-12-10,,,,,1.85,15.68,,,,,,
2019-12-11,,,,,1.79,14.99,,,,,,
2019-12-12,,,,,1.9,13.94,3.73,,,,,
2019-12-13,,,,,1.82,12.63,,,,,,
2019-12-16,,,,,1.89,12.14,,,,,,
2019-12-17,,,,,1.89,12.29,,,,,,
2019-12-18,,,,,1.92,12.58,,,,,,
2019-12-19,,,,,1.92,12.5,3.73,,,,,
2019-12-20,,,,,1.92,12.51,,,,,,
2019-12-23,,,,,1.93,12.61,,,,,,
2019-12-24,,,,,1.9,12.67,,,,,,
2019-12-25,,,,,,,,,,,,
2019-12-26,,,,,1.9,12.65,3.74,,,,,
2019-12-27,,,,,1.88,13.43,,,,,,
2019-12-30,,,,,1.9,14.82,,,,,,
2019-12-31,,,,,1.92,13.78,,,,,,
2020-01-01,21727.657,3.6,259.127,1.55,,,,329000.0,215.032,212.388,456420.0,259.127
2020-01-02,,,,,1.88,12.47,3.72,,,,,
2020-01-03,,,,,1.8,14.02,,,,,,
2020-01-06,,,,,1.81,13.85,,,,,,
2020-01-07,,,,,1.83,13.79,,,,,,
2020-01-08,,,,,1.87,13.45,,,,,,
2020-01-09,,,,,1.85,12.54,3.64,,,,,
2020-01-10,,,,,1.83,12.56,,,,,,
2020-01-13,,,,,1.85,12.32,,,,,,
2020-01-14,,,,,1.82,12.39,,,,,,
2020-01-15,,,,,1.79,12.42,,,,,,
2020-01-16,,,,,1.81,12.32,3.65,,,,,
2020-01-17,,,,,1.84,12.1,,,,,,
2020-01-20,,,,,,,,,,,,
2020-01-21,,,,,1.78,12.85,,,,,,
2020-01-22,,,,,1.77,12.91,,,,,,
2020-01-23,,,,,1.74,12.98,3.6,,,,,
2020-01-24,,,,,1.7,14.56,,,,,,
2020-01-27,,,,,1.61,18.23,,,,,,
2020-01-28,,,,,1.65,16.28,,,,,,
2020-01-29,,,,,1.6,16.39,,,,,,
2020-01-30,,,,,1.57,15.49,3.51,,,,,
2020-01-31,,,,,1.51,18.84,,,,,,
2020-02-01,,3.5,259.25,1.58,,,,,215.896,213.208,456401.0,259.25
2020-02-03,,,,,1.54,17.97,,,,,,
2020-02-04,,,,,1.61,16.05,,,,,,
2020-02-05,,,,,1.66,15.15,,,,,,
2020-02-06,,,,,1.65,14.96,3.45,,,,,
2020-02-07,,,,,1.59,15.47,,,,,,
2020-02-10,,,,,1.56,15.04,,,,,,
2020-02-11,,,,,1.59,15.18,,,,,,
2020-02-12,,,,,1.62,13.74,,,,,,
2020-02-13,,,,,1.61,14.15,3.47,,,,,
2020-02-14,,,,,1.59,13.68,,,,,,
2020-02-17,,,,,,,,,,,,
2020-02-18,,,,,1.55,14.83,,,,,,
2020-02-19,,,,,1.56,14.38,,,,,,
2020-02-20,,,,,1.52,15.56,3.49,,,,,
2020-02-21,,,,,1.46,17.08,,,,,,
2020-02-24,,,,,1.38,25.03,,,,,,
2020-02-25,,,,,1.33,27.85,,,,,,
2020-02-26,,,,,1.33,27.56,,,,,,
2020-02-27,,,,,1.3,39.16,3.45,,,,,
2020-02-28,,,,,1.13,40.11,,,,,,
2020-03-01,,4.4,258.076,0.65,,,,,216.446,215.18099999999998,429196.0,258.076
2020-03-02,,,,,1.1,33.42,,,,,,
2020-03-03,,,,,1.02,36.82,,,,,,
2020-03-04,,,,,1.02,31.99,,,,,,
2020-03-05,,,,,0.92,39.62,3.29,,,,,
2020-03-06,,,,,0.74,41.94,,,,,,
2020-03-09,,,,,0.54,54.46,,,,,,
2020-03-10,,,,,0.76,47.3,,,,,,
2020-03-11,,,,,0.82,53.9,,,,,,
2020-03-12,,,,,0.88,75.47,3.36,,,,,
2020-03-13,,,,,0.94,57.83,,,,,,
2020-03-16,,,,,0.73,82.69,,,,,,
2020-03-17,,,,,1.02,75.91,,,,,,
2020-03-18,,,,,1.18,76.45,,,,,,
2020-03-19,,,,,1.12,72.0,3.65,,,,,
2020-03-20,,,,,0.92,66.04,,,,,,
2020-03-23,,,,,0.76,61.59,,,,,,
2020-03-24,,,,,0.84,61.67,,,,,,
2020-03-25,,,,,0.88,63.95,,,,,,
2020-03-26,,,,,0.83,61.0,3.5,,,,,
2020-03-27,,,,,0.72,65.54,,,,,,
2020-03-30,,,,,0.7,57.08,,,,,,
2020-03-31,,,,,0.7,53.54,,,,,,
2020-04-01,19935.444,14.8,256.032,0.05,0.62,57.06,,317100.0,216.84099999999998,217.222,376918.0,256.032
2020-04-02,,,,,0.63,50.91,3.33,,,,,
2020-04-03,,,,,0.62,46.8,,,,,,
2020-04-06,,,,,0.67,45.24,,,,,,
2020-04-07,,,,,0.75,46.7,,,,,,
2020-04-08,,,,,0.77,43.35,,,,,,
2020-04-09,,,,,0.73,41.67,3.33,,,,,
2020-04-10,,,,,,,,,,,,
2020-04-13,,,,,0.76,41.17,,,,,,
2020-04-14,,,,,0.76,37.76,,,,,,
2020-04-15,,,,,0.63,40.84,,,,,,
2020-04-16,,,,,0.61,40.11,3.31,,,,,
2020-04-17,,,,,0.65,38.15,,,,,,
2020-04-20,,,,,0.63,43.83,,,,,,
2020-04-21,,,,,0.58,45.41,,,,,,
2020-04-22,,,,,0.63,41.98,,,,,,
2020-04-23,,,,,0.61,41.38,3.33,,,,,
2020-04-24,,,,,0.6,35.93,,,,,,
2020-04-27,,,,,0.67,33.29,,,,,,
2020-04-28,,,,,0.62,33.57,,,,,,
2020-04-29,,,,,0.63,31.23,,,,,,
2020-04-30,,,,,0.64,34.15,3.23,,,,,
2020-05-01,,13.2,255.802,0.05,0.64,37.19,,,216.949,218.468,443726.0,255.802
2020-05-04,,,,,0.64,35.97,,,,,,
2020-05-05,,,,,0.66,33.61,,,,,,
2020-05-06,,,,,0.72,34.12,,,,,,
2020-05-07,,,,,0.63,31.44,3.26,,,,,
2020-05-08,,,,,0.69,27.98,,,,,,
2020-05-11,,,,,0.73,27.57,,,,,,
2020-05-12,,,,,0.69,33.04,,,,,,
2020-05-13,,,,,0.64,35.28,,,,,,
2020-05-14,,,,,0.63,32.61,3.28,,,,,
2020-05-15,,,,,0.64,31.89,,,,,,
2020-05-18,,,,,0.73,29.3,,,,,,
2020-05-19,,,,,0.7,30.53,,,,,,
2020-05-20,,,,,0.68,27.99,,,,,,
2020-05-21,,,,,0.68,29.53,3.24,,,,,
2020-05-22,,,,,0.66,28.16,,,,,,
2020-05-25,,,,,,,,,,,,
2020-05-26,,,,,0.69,28.01,,,,,,
2020-05-27,,,,,0.68,27.62,,,,,,
2020-05-28,,,,,0.7,28.59,3.15,,,,,
2020-05-29,,,,,0.65,27.51,,,,,,
2020-06-01,,11.0,257.042,0.08,0.66,28.23,,,217.52,219.795,473811.0,257.042
2020-06-02,,,,,0.68,26.84,,,,,,
2020-06-03,,,,,0.77,25.66,,,,,,
2020-06-04,,,,,0.82,25.81,3.18,,,,,
2020-06-05,,,,,0.91,24.52,,,,,,
2020-06-08,,,,,0.88,25.81,,,,,,
2020-06-09,,,,,0.84,27.57,,,,,,
2020-06-10,,,,,0.75,27.57,,,,,,
2020-06-11,,,,,0.66,40.79,3.21,,,,,
2020-06-12,,,,,0.71,36.09,,,,,,
2020-06-15,,,,,0.71,34.4,,,,,,
2020-06-16,,,,,0.75,33.67,,,,,,
2020-06-17,,,,,0.74,33.47,,,,,,
2020-06-18,,,,,0.71,32.94,3.13,,,,,
2020-06-19,,,,,0.7,35.12,,,,,,
2020-06-22,,,,,0.71,31.77,,,,,,
2020-06-23,,,,,0.72,31.37,,,,,,
2020-06-24,,,,,0.69,33.84,,,,,,
2020-06-25,,,,,0.68,32.22,3.13,,,,,
2020-06-26,,,,,0.64,34.73,,,,,,
2020-06-29,,,,,0.64,31.78,,,,,,
2020-06-30,,,,,0.66,30.43,,,,,,
2020-07-01,21684.551,10.2,258.352,0.09,0.69,28.62,,327900.0,219.22,221.555,480116.0,258.352
2020-07-02,,,,,0.68,27.68,3.07,,,,,
2020-07-03,,,,,,,,,,,,
2020-07-06,,,,,0.69,27.94,,,,,,
2020-07-07,,,,,0.65,29.43,,,,,,
2020-07-08,,,,,0.67,28.08,,,,,,
2020-07-09,,,,,0.62,29.26,3.03,,,,,
2020-07-10,,,,,0.65,27.29,,,,,,
2020-07-13,,,,,0.64,32.19,,,,,,
2020-07-14,,,,,0.63,29.52,,,,,,
2020-07-15,,,,,0.64,27.76,,,,,,
2020-07-16,,,,,0.62,28.0,2.98,,,,,
2020-07-17,,,,,0.64,25.68,,,,,,
2020-07-20,,,,,0.62,24.46,,,,,,
2020-07-21,,,,,0.61,24.84,,,,,,
2020-07-22,,,,,0.6,24.32,,,,,,
2020-07-23,,,,,0.59,26.08,3.01,,,,,
2020-07-24,,,,,0.59,25.84,,,,,,
2020-07-27,,,,,0.62,24.74,,,,,,
2020-07-28,,,,,0.59,25.44,,,,,,
2020-07-29,,,,,0.58,24.1,,,,,,
2020-07-30,,,,,0.55,24.76,2.99,,,,,
2020-07-31,,,,,0.55,24.46,,,,,,
2020-08-01,,8.4,259.316,0.1,,,,,222.278,224.03799999999998,482243.0,259.316
2020-08-03,,,,,0.56,24.28,,,,,,
2020-08-04,,,,,0.52,23.76,,,,,,
2020-08-05,,,,,0.55,22.99,,,,,,
2020-08-06,,,,,0.55,22.65,2.88,,,,,
2020-08-07,,,,,0.57,22.21,,,,,,
2020-08-10,,,,,0.59,22.13,,,,,,
2020-08-11,,,,,0.64,24.03,,,,,,
2020-08-12,,,,,0.69,22.28,,,,,,
2020-08-13,,,,,0.71,22.13,2.96,,,,,
2020-08-14,,,,,0.71,22.05,,,,,,
2020-08-17,,,,,0.69,21.35,,,,,,
2020-08-18,,,,,0.67,21.51,,,,,,
2020-08-19,,,,,0.68,22.54,,,,,,
2020-08-20,,,,,0.65,22.72,2.99,,,,,
2020-08-21,,,,,0.64,22.54,,,,,,
2020-08-24,,,,,0.65,22.37,,,,,,
2020-08-25,,,,,0.69,22.03,,,,,,
2020-08-26,,,,,0.69,23.27,,,,,,
2020-08-27,,,,,0.74,24.47,2.91,,,,,
2020-08-28,,,,,0.74,22.96,,,,,,
2020-08-31,,,,,0.72,26.41,,,,,,
2020-09-01,,7.8,259.997,0.09,0.68,26.12,,,225.73,226.79,491386.0,259.997
2020-09-02,,,,,0.66,26.57,,,,,,
2020-09-03,,,,,0.63,33.6,2.93,,,,,
2020-09-04,,,,,0.72,30.75,,,,,,
2020-09-07,,,,,,,,,,,,
2020-09-08,,,,,0.69,31.46,,,,,,
2020-09-09,,,,,0.71,28.81,,,,,,
2020-09-10,,,,,0.68,29.71,2.86,,,,,
2020-09-11,,,,,0.67,26.87,,,,,,
2020-09-14,,,,,0.68,25.85,,,,,,
2020-09-15,,,,,0.68,25.59,,,,,,
2020-09-16,,,,,0.69,26.04,,,,,,
2020-09-17,,,,,0.69,26.46,2.87,,,,,
2020-09-18,,,,,0.7,25.83,,,,,,
2020-09-21,,,,,0.68,27.78,,,,,,
2020-09-22,,,,,0.68,26.86,,,,,,
2020-09-23,,,,,0.68,28.58,,,,,,
2020-09-24,,,,,0.67,28.51,2.9,,,,,
2020-09-25,,,,,0.66,26.38,,,,,,
2020-09-28,,,,,0.67,26.19,,,,,,
2020-09-29,,,,,0.66,26.27,,,,,,
2020-09-30,,,,,0.69,26.37,,,,,,
2020-10-01,22068.767,6.9,260.319,0.09,0.68,26.7,2.88,338600.0,229.665,229.80200000000002,489705.0,260.319
2020-10-02,,,,,0.7,27.63,,,,,,
2020-10-05,,,,,0.78,27.96,,,,,,
2020-10-06,,,,,0.76,29.48,,,,,,
2020-10-07,,,,,0.81,28.06,,,,,,
2020-10-08,,,,,0.78,26.36,2.87,,,,,
2020-10-09,,,,,0.79,25.0,,,,,,
2020-10-12,,,,,,25.07,,,,,,
2020-10-13,,,,,0.74,26.07,,,,,,
2020-10-14,,,,,0.73,26.4,,,,,,
2020-10-15,,,,,0.74,26.97,2.81,,,,,
2020-10-16,,,,,0.76,27.41,,,,,,
2020-10-19,,,,,0.78,29.18,,,,,,
2020-10-20,,,,,0.81,29.35,,,,,,
2020-10-21,,,,,0.83,28.65,,,,,,
2020-10-22,,,,,0.87,28.11,2.8,,,,,
2020-10-23,,,,,0.85,27.55,,,,,,
2020-10-26,,,,,0.81,32.46,,,,,,
2020-10-27,,,,,0.79,33.35,,,,,,
2020-10-28,,,,,0.79,40.28,,,,,,
2020-10-29,,,,,0.85,37.59,2.81,,,,,
2020-10-30,,,,,0.88,38.02,,,,,,
2020-11-01,,6.7,260.911,0.09,,,,,233.239,232.30599999999998,487287.0,260.911
2020-11-02,,,,,0.87,37.13,,,,,,
2020-11-03,,,,,0.9,35.55,,,,,,
2020-11-04,,,,,0.78,29.57,,,,,,
2020-11-05,,,,,0.79,27.58,2.78,,,,,
2020-11-06,,,,,0.83,24.86,,,,,,
2020-11-09,,,,,0.96,25.75,,,,,,
2020-11-10,,,,,0.98,24.8,,,,,,
2020-11-11,,,,,,23.45,,,,,,
2020-11-12,,,,,0.88,25.35,2.84,,,,,
2020-11-13,,,,,0.89,23.1,,,,,,
2020-11-16,,,,,0.91,22.45,,,,,,
2020-11-17,,,,,0.87,22.71,,,,,,
2020-11-18,,,,,0.88,23.84,,,,,,
2020-11-19,,,,,0.86,23.11,2.72,,,,,
2020-11-20,,,,,0.83,23.7,,,,,,
2020-11-23,,,,,0.86,22.66,,,,,,
2020-11-24,,,,,0.88,21.64,,,,,,
2020-11-25,,,,,0.88,21.25,2.72,,,,,
2020-11-26,,,,,,,,,,,,
2020-11-27,,,,,0.84,20.84,,,,,,
2020-11-30,,,,,0.84,20.57,,,,,,
2020-12-01,,6.7,262.045,0.09,0.92,20.77,,,236.547,234.354,495533.0,262.045
2020-12-02,,,,,0.95,21.17,,,,,,
2020-12-03,,,,,0.92,21.28,2.71,,,,,
2020-12-04,,,,,0.97,20.79,,,,,,
2020-12-07,,,,,0.94,21.3,,,,,,
2020-12-08,,,,,0.92,20.68,,,,,,
2020-12-09,,,,,0.95,22.27,,,,,,
2020-12-10,,,,,0.92,22.52,2.71,,,,,
2020-12-11,,,,,0.9,23.31,,,,,,
2020-12-14,,,,,0.9,24.72,,,,,,
2020-12-15,,,,,0.92,22.89,,,,,,
2020-12-16,,,,,0.92,22.5,,,,,,
2020-12-17,,,,,0.94,21.93,2.67,,,,,
2020-12-18,,,,,0.95,21.57,,,,,,
2020-12-21,,,,,0.95,25.16,,,,,,
2020-12-22,,,,,0.93,24.23,,,,,,
2020-12-23,,,,,0.96,23.31,,,,,,
2020-12-24,,,,,0.94,21.53,2.66,,,,,
2020-12-25,,,,,,,,,,,,
2020-12-28,,,,,0.94,21.7,,,,,,
2020-12-29,,,,,0.94,23.08,,,,,,
2020-12-30,,,,,0.93,22.77,,,,,,
2020-12-31,,,,,0.93,22.75,2.67,,,,,
2021-01-01,22656.793,6.4,262.639,0.09,,,,355000.0,239.688,236.425,511693.0,262.639
2021-01-04,,,,,0.93,26.97,,,,,,
2021-01-05,,,,,0.96,25.34,,,,,,
2021-01-06,,,,,1.04,25.07,,,,,,
2021-01-07,,,,,1.08,22.37,2.65,,,,,
2021-01-08,,,,,1.13,21.56,,,,,,
2021-01-11,,,,,1.15,24.08,,,,,,
2021-01-12,,,,,1.15,23.33,,,,,,
2021-01-13,,,,,1.1,22.21,,,,,,
2021-01-14,,,,,1.15,23.25,2.79,,,,,
2021-01-15,,,,,1.11,24.34,,,,,,
2021-01-18,,,,,,,,,,,,
2021-01-19,,,,,1.1,23.24,,,,,,
2021-01-20,,,,,1.1,21.58,,,,,,
2021-01-21,,,,,1.12,21.32,2.77,,,,,
2021-01-22,,,,,1.1,21.91,,,,,,
2021-01-25,,,,,1.05,23.19,,,,,,
2021-01-26,,,,,1.05,23.02,,,,,,
2021-01-27,,,,,1.04,37.21,,,,,,
2021-01-28,,,,,1.07,30.21,2.73,,,,,
2021-01-29,,,,,1.11,33.09,,,,,,
2021-02-01,,6.2,263.573,0.08,1.09,30.24,,,242.454,239.203,498200.0,263.573
2021-02-02,,,,,1.12,25.56,,,,,,
2021-02-03,,,,,1.15,22.91,,,,,,
2021-02-04,,,,,1.15,21.77,2.73,,,,,
2021-02-05,,,,,1.19,20.87,,,,,,
2021-02-08,,,,,1.19,21.24,,,,,,
2021-02-09,,,,,1.18,21.63,,,,,,
2021-02-10,,,,,1.15,21.99,,,,,,
2021-02-11,,,,,1.16,21.25,2.73,,,,,
2021-02-12,,,,,1.2,19.97,,,,,,
2021-02-15,,,,,,,,,,,,
2021-02-16,,,,,1.3,21.46,,,,,,
2021-02-17,,,,,1.29,21.5,,,,,,
2021-02-18,,,,,1.29,22.49,2.81,,,,,
2021-02-19,,,,,1.34,22.05,,,,,,
2021-02-22,,,,,1.37,23.45,,,,,,
2021-02-23,,,,,1.37,23.11,,,,,,
2021-02-24,,,,,1.38,21.34,,,,,,
2021-02-25,,,,,1.54,28.89,2.97,,,,,
2021-02-26,,,,,1.44,27.95,,,,,,
2021-03-01,,6.1,264.847,0.07,1.45,23.35,,,245.52,244.197,550963.0,264.847
2021-03-02,,,,,1.42,24.1,,,,,,
2021-03-03,,,,,1.47,26.67,,,,,,
2021-03-04,,,,,1.54,28.57,3.02,,,,,
2021-03-05,,,,,1.56,24.66,,,,,,
2021-03-08,,,,,1.59,25.47,,,,,,
2021-03-09,,,,,1.55,24.03,,,,,,
2021-03-10,,,,,1.53,22.56,,,,,,
2021-03-11,,,,,1.54,21.91,3.05,,,,,
2021-03-12,,,,,1.64,20.69,,,,,,
2021-03-15,,,,,1.62,20.03,,,,,,
2021-03-16,,,,,1.62,19.79,,,,,,
2021-03-17,,,,,1.63,19.23,,,,,,
2021-03-18,,,,,1.71,21.58,3.09,,,,,
2021-03-19,,,,,1.74,20.95,,,,,,
2021-03-22,,,,,1.69,18.88,,,,,,
2021-03-23,,,,,1.63,20.3,,,,,,
2021-03-24,,,,,1.62,21.2,,,,,,
2021-03-25,,,,,1.63,19.81,3.17,,,,,
2021-03-26,,,,,1.67,18.86,,,,,,
2021-03-29,,,,,1.73,20.74,,,,,,
2021-03-30,,,,,1.73,19.61,,,,,,
2021-03-31,,,,,1.74,19.4,,,,,,
2021-04-01,23368.861,6.1,266.625,0.07,1.69,17.33,3.18,367800.0,249.06599999999997,249.803,554420.0,266.625
2021-04-02,,,,,1.72,,,,,,,
2021-04-05,,,,,1.73,17.91,,,,,,
2021-04-06,,,,,1.67,18.12,,,,,,
2021-04-07,,,,,1.68,17.16,,,,,,
2021-04-08,,,,,1.64,16.95,3.13,,,,,
2021-04-09,,,,,1.67,16.69,,,,,,
2021-04-12,,,,,1.69,16.91,,,,,,
2021-04-13,,,,,1.64,16.65,,,,,,
2021-04-14,,,,,1.64,16.99,,,,,,
2021-04-15,,,,,1.56,16.57,3.04,,,,,
2021-04-16,,,,,1.59,16.25,,,,,,
2021-04-19,,,,,1.61,17.29,,,,,,
2021-04-20,,,,,1.58,18.68,,,,,,
2021-04-21,,,,,1.57,17.5,,,,,,
2021-04-22,,,,,1.57,18.71,2.97,,,,,
2021-04-23,,,,,1.58,17.33,,,,,,
2021-04-26,,,,,1.58,17.64,,,,,,
2021-04-27,,,,,1.63,17.56,,,,,,
2021-04-28,,,,,1.63,17.28,,,,,,
2021-04-29,,,,,1.65,17.61,2.98,,,,,
2021-04-30,,,,,1.65,18.61,,,,,,
2021-05-01,,5.8,268.404,0.06,,,,,253.27900000000002,255.42700000000002,545289.0,268.404
2021-05-03,,,,,1.63,18.31,,,,,,
2021-05-04,,,,,1.61,19.48,,,,,,
2021-05-05,,,,,1.59,19.15,,,,,,
2021-05-06,,,,,1.58,18.39,2.96,,,,,
2021-05-07,,,,,1.6,16.69,,,,,,
2021-05-10,,,,,1.63,19.66,,,,,,
2021-05-11,,,,,1.64,21.84,,,,,,
2021-05-12,,,,,1.69,27.59,,,,,,
2021-05-13,,,,,1.66,23.13,2.94,,,,,
2021-05-14,,,,,1.63,18.81,,,,,,
2021-05-17,,,,,1.64,19.72,,,,,,
2021-05-18,,,,,1.64,21.34,,,,,,
2021-05-19,,,,,1.68,22.18,,,,,,
2021-05-20,,,,,1.63,20.67,3.0,,,,,
2021-05-21,,,,,1.63,20.15,,,,,,
2021-05-24,,,,,1.61,18.4,,,,,,
2021-05-25,,,,,1.56,18.84,,,,,,
2021-05-26,,,,,1.58,17.36,,,,,,
2021-05-27,,,,,1.61,16.74,2.95,,,,,
2021-05-28,,,,,1.58,16.76,,,,,,
2021-05-31,,,,,,,,,,,,
2021-06-01,,5.9,270.71,0.08,1.62,17.9,,,258.13,261.152,548693.0,270.71
2021-06-02,,,,,1.59,17.48,,,,,,
2021-06-03,,,,,1.63,18.04,2.99,,,,,
2021-06-04,,,,,1.56,16.42,,,,,,
2021-06-07,,,,,1.57,16.42,,,,,,
2021-06-08,,,,,1.53,17.07,,,,,,
2021-06-09,,,,,1.5,17.89,,,,,,
2021-06-10,,,,,1.45,16.1,2.96,,,,,
2021-06-11,,,,,1.47,15.65,,,,,,
2021-06-14,,,,,1.51,16.39,,,,,,
2021-06-15,,,,,1.51,17.02,,,,,,
2021-06-16,,,,,1.57,18.15,,,,,,
2021-06-17,,,,,1.52,17.75,2.93,,,,,
2021-06-18,,,,,1.45,20.7,,,,,,
2021-06-21,,,,,1.5,17.89,,,,,,
2021-06-22,,,,,1.48,16.66,,,,,,
2021-06-23,,,,,1.5,16.32,,,,,,
2021-06-24,,,,,1.49,15.97,3.02,,,,,
2021-06-25,,,,,1.54,15.62,,,,,,
2021-06-28,,,,,1.49,15.76,,,,,,
2021-06-29,,,,,1.49,16.02,,,,,,
2021-06-30,,,,,1.45,15.83,,,,,,
2021-07-01,23921.991,5.4,271.965,0.1,1.48,15.48,2.98,395200.0,262.493,265.49,537817.0,271.965
2021-07-02,,,,,1.44,15.07,,,,,,
2021-07-05,,,,,,,,,,,,
2021-07-06,,,,,1.37,16.44,,,,,,
2021-07-07,,,,,1.33,16.2,,,,,,
2021-07-08,,,,,1.3,19.0,2.9,,,,,
2021-07-09,,,,,1.37,16.18,,,,,,
2021-07-12,,,,,1.38,16.17,,,,,,
2021-07-13,,,,,1.42,17.12,,,,,,
2021-07-14,,,,,1.37,16.33,,,,,,
2021-07-15,,,,,1.31,17.01,2.88,,,,,
2021-07-16,,,,,1.31,18.45,,,,,,
2021-07-19,,,,,1.19,22.5,,,,,,
2021-07-20,,,,,1.23,19.73,,,,,,
2021-07-21,,,,,1.3,17.91,,,,,,
2021-07-22,,,,,1.27,17.69,2.78,,,,,
2021-07-23,,,,,1.3,17.2,,,,,,
2021-07-26,,,,,1.29,17.58,,,,,,
2021-07-27,,,,,1.25,19.36,,,,,,
2021-07-28,,,,,1.26,18.31,,,,,,
2021-07-29,,,,,1.28,17.7,2.8,,,,,
2021-07-30,,,,,1.24,18.24,,,,,,
2021-08-01,,5.1,272.752,0.09,,,,,266.624,268.76599999999996,542140.0,272.752
2021-08-02,,,,,1.2,19.46,,,,,,
2021-08-03,,,,,1.19,18.04,,,,,,
2021-08-04,,,,,1.19,17.97,,,,,,
2021-08-05,,,,,1.23,17.28,2.77,,,,,
2021-08-06,,,,,1.31,16.15,,,,,,
2021-08-09,,,,,1.33,16.72,,,,,,
2021-08-10,,,,,1.36,16.79,,,,,,
2021-08-11,,,,,1.35,16.06,,,,,,
2021-08-12,,,,,1.36,15.59,2.87,,,,,
2021-08-13,,,,,1.29,15.45,,,,,,
2021-08-16,,,,,1.26,16.12,,,,,,
2021-08-17,,,,,1.26,17.91,,,,,,
2021-08-18,,,,,1.27,21.57,,,,,,
2021-08-19,,,,,1.24,21.67,2.86,,,,,
2021-08-20,,,,,1.26,18.56,,,,,,
2021-08-23,,,,,1.25,17.15,,,,,,
2021-08-24,,,,,1.29,17.22,,,,,,
2021-08-25,,,,,1.35,16.79,,,,,,
2021-08-26,,,,,1.34,18.84,2.87,,,,,
2021-08-27,,,,,1.31,16.39,,,,,,
2021-08-30,,,,,1.29,16.19,,,,,,
2021-08-31,,,,,1.3,16.48,,,,,,
2021-09-01,,4.7,273.942,0.08,1.31,16.11,,,270.19599999999997,271.41700000000003,545726.0,273.942
2021-09-02,,,,,1.29,16.41,2.87,,,,,
2021-09-03,,,,,1.33,16.41,,,,,,
2021-09-06,,,,,,,,,,,,
2021-09-07,,,,,1.38,18.14,,,,,,
2021-09-08,,,,,1.35,17.96,,,,,,
2021-09-09,,,,,1.3,18.8,2.88,,,,,
2021-09-10,,,,,1.35,20.95,,,,,,
2021-09-13,,,,,1.33,19.37,,,,,,
2021-09-14,,,,,1.28,19.46,,,,,,
2021-09-15,,,,,1.31,18.18,,,,,,
2021-09-16,,,,,1.34,18.69,2.86,,,,,
2021-09-17,,,,,1.37,20.81,,,,,,
2021-09-20,,,,,1.31,25.71,,,,,,
2021-09-21,,,,,1.33,24.36,,,,,,
2021-09-22,,,,,1.32,20.87,,,,,,
2021-09-23,,,,,1.41,18.63,2.88,,,,,
2021-09-24,,,,,1.47,17.75,,,,,,
2021-09-27,,,,,1.48,18.76,,,,,,
2021-09-28,,,,,1.54,23.25,,,,,,
2021-09-29,,,,,1.55,22.56,,,,,,
2021-09-30,,,,,1.52,23.14,3.01,,,,,
2021-10-01,24777.038,4.5,276.528,0.08,1.48,21.15,,414000.0,273.617,273.624,555517.0,276.528
2021-10-04,,,,,1.49,22.96,,,,,,
2021-10-05,,,,,1.54,21.3,,,,,,
2021-10-06,,,,,1.53,21.0,,,,,,
2021-10-07,,,,,1.58,19.54,2.99,,,,,
2021-10-08,,,,,1.61,18.77,,,,,,
2021-10-11,,,,,,20.0,,,,,,
2021-10-12,,,,,1.59,19.85,,,,,,
2021-10-13,,,,,1.56,18.64,,,,,,
2021-10-14,,,,,1.52,16.86,3.05,,,,,
2021-10-15,,,,,1.59,16.3,,,,,,
2021-10-18,,,,,1.59,16.31,,,,,,
2021-10-19,,,,,1.65,15.7,,,,,,
2021-10-20,,,,,1.65,15.49,,,,,,
2021-10-21,,,,,1.68,15.01,3.09,,,,,
2021-10-22,,,,,1.66,15.43,,,,,,
2021-10-25,,,,,1.64,15.24,,,,,,
2021-10-26,,,,,1.63,15.98,,,,,,
2021-10-27,,,,,1.54,16.98,,,,,,
2021-10-28,,,,,1.57,16.53,3.14,,,,,
2021-10-29,,,,,1.55,16.26,,,,,,
2021-11-01,,4.2,278.824,0.08,1.58,16.41,,,277.337,275.992,562175.0,278.824
2021-11-02,,,,,1.56,16.03,,,,,,
2021-11-03,,,,,1.6,15.1,,,,,,
2021-11-04,,,,,1.53,15.44,3.09,,,,,
2021-11-05,,,,,1.45,16.48,,,,,,
2021-11-08,,,,,1.51,17.22,,,,,,
2021-11-09,,,,,1.46,17.78,,,,,,
2021-11-10,,,,,1.56,18.73,2.98,,,,,
2021-11-11,,,,,,17.66,,,,,,
2021-11-12,,,,,1.58,16.29,,,,,,
2021-11-15,,,,,1.63,16.49,,,,,,
2021-11-16,,,,,1.63,16.37,,,,,,
2021-11-17,,,,,1.6,17.11,,,,,,
2021-11-18,,,,,1.59,17.59,3.1,,,,,
2021-11-19,,,,,1.54,17.91,,,,,,
2021-11-22,,,,,1.63,19.17,,,,,,
2021-11-23,,,,,1.67,19.38,,,,,,
2021-11-24,,,,,1.64,18.58,3.1,,,,,
2021-11-25,,,,,,,,,,,,
2021-11-26,,,,,1.48,28.62,,,,,,
2021-11-29,,,,,1.52,22.96,,,,,,
2021-11-30,,,,,1.43,27.19,,,,,,
2021-12-01,,3.9,280.806,0.08,1.43,31.12,,,281.508,278.564,558148.0,280.806
2021-12-02,,,,,1.44,27.95,3.11,,,,,
2021-12-03,,,,,1.35,30.67,,,,,,
2021-12-06,,,,,1.43,27.18,,,,,,
2021-12-07,,,,,1.48,21.89,,,,,,
2021-12-08,,,,,1.52,19.9,,,,,,
2021-12-09,,,,,1.49,21.58,3.1,,,,,
2021-12-10,,,,,1.48,18.69,,,,,,
2021-12-13,,,,,1.42,20.31,,,,,,
2021-12-14,,,,,1.44,21.89,,,,,,
2021-12-15,,,,,1.47,19.29,,,,,,
2021-12-16,,,,,1.44,20.57,3.12,,,,,
2021-12-17,,,,,1.41,21.57,,,,,,
2021-12-20,,,,,1.43,22.87,,,,,,
2021-12-21,,,,,1.48,21.01,,,,,,
2021-12-22,,,,,1.46,18.63,,,,,,
2021-12-23,,,,,1.5,17.96,3.05,,,,,
2021-12-24,,,,,,,,,,,,
2021-12-27,,,,,1.48,17.68,,,,,,
2021-12-28,,,,,1.49,17.54,,,,,,
2021-12-29,,,,,1.55,16.95,,,,,,
2021-12-30,,,,,1.52,17.33,3.11,,,,,
2021-12-31,,,,,1.52,17.22,,,,,,
2022-01-01,25215.491,4.0,282.542,0.08,,,,413500.0,286.19599999999997,281.938,571325.0,282.542
2022-01-03,,,,,1.63,16.6,,,,,,
2022-01-04,,,,,1.66,16.91,,,,,,
2022-01-05,,,,,1.71,19.73,,,,,,
2022-01-06,,,,,1.73,19.61,3.22,,,,,
2022-01-07,,,,,1.76,18.76,,,,,,
2022-01-10,,,,,1.78,19.4,,,,,,
2022-01-11,,,,,1.75,18.41,,,,,,
2022-01-12,,,,,1.74,17.62,,,,,,
2022-01-13,,,,,1.7,20.31,3.45,,,,,
2022-01-14,,,,,1.78,19.19,,,,,,
2022-01-17,,,,,,,,,,,,
2022-01-18,,,,,1.87,22.79,,,,,,
2022-01-19,,,,,1.83,23.85,,,,,,
2022-01-20,,,,,1.83,25.59,3.56,,,,,
2022-01-21,,,,,1.75,28.85,,,,,,
2022-01-24,,,,,1.75,29.9,,,,,,
2022-01-25,,,,,1.78,31.16,,,,,,
2022-01-26,,,,,1.85,31.96,,,,,,
2022-01-27,,,,,1.81,30.49,3.55,,,,,
2022-01-28,,,,,1.78,27.66,,,,,,
2022-01-31,,,,,1.79,24.83,,,,,,
2022-02-01,,3.8,284.525,0.08,1.81,21.96,,,291.323,287.157,574609.0,284.525
2022-02-02,,,,,1.78,22.09,,,,,,
2022-02-03,,,,,1.82,24.35,3.55,,,,,
2022-02-04,,,,,1.93,23.22,,,,,,
2022-02-07,,,,,1.92,22.86,,,,,,
2022-02-08,,,,,1.96,21.44,,,,,,
2022-02-09,,,,,1.94,19.96,,,,,,
2022-02-10,,,,,2.03,23.91,3.69,,,,,
2022-02-11,,,,,1.92,27.36,,,,,,
2022-02-14,,,,,1.98,28.33,,,,,,
2022-02-15,,,,,2.05,25.7,,,,,,
2022-02-16,,,,,2.03,24.29,,,,,,
2022-02-17,,,,,1.97,28.11,3.92,,,,,
2022-02-18,,,,,1.92,27.75,,,,,,
2022-02-21,,,,,,,,,,,,
2022-02-22,,,,,1.94,28.81,,,,,,
2022-02-23,,,,,1.99,31.02,,,,,,
2022-02-24,,,,,1.96,30.32,3.89,,,,,
2022-02-25,,,,,1.97,27.59,,,,,,
2022-02-28,,,,,1.83,30.15,,,,,,
2022-03-01,,3.7,287.467,0.2,1.72,33.32,,,296.471,294.96,585912.0,287.467
2022-03-02,,,,,1.86,30.74,,,,,,
2022-03-03,,,,,1.86,30.48,3.76,,,,,
2022-03-04,,,,,1.74,31.98,,,,,,
2022-03-07,,,,,1.78,36.45,,,,,,
2022-03-08,,,,,1.86,35.13,,,,,,
2022-03-09,,,,,1.94,32.45,,,,,,
2022-03-10,,,,,1.98,30.23,3.85,,,,,
2022-03-11,,,,,2.0,30.75,,,,,,
2022-03-14,,,,,2.14,31.77,,,,,,
2022-03-15,,,,,2.15,29.83,,,,,,
2022-03-16,,,,,2.19,26.67,,,,,,
2022-03-17,,,,,2.2,25.67,4.16,,,,,
2022-03-18,,,,,2.14,23.87,,,,,,
2022-03-21,,,,,2.32,23.53,,,,,,
2022-03-22,,,,,2.38,22.94,,,,,,
2022-03-23,,,,,2.32,23.57,,,,,,
2022-03-24,,,,,2.34,21.67,4.42,,,,,
2022-03-25,,,,,2.48,20.81,,,,,,
2022-03-28,,,,,2.46,19.63,,,,,,
2022-03-29,,,,,2.41,18.9,,,,,,
2022-03-30,,,,,2.35,19.33,,,,,,
2022-03-31,,,,,2.32,20.56,4.67,,,,,
2022-04-01,25805.791,3.7,288.582,0.33,2.39,19.63,,437700.0,300.43,301.592,592141.0,288.582
2022-04-04,,,,,2.42,18.57,,,,,,
2022-04-05,,,,,2.54,21.03,,,,,,
2022-04-06,,,,,2.61,22.1,,,,,,
2022-04-07,,,,,2.66,21.55,4.72,,,,,
2022-04-08,,,,,2.72,21.16,,,,,,
2022-04-11,,,,,2.79,24.37,,,,,,
2022-04-12,,,,,2.72,24.26,,,,,,
2022-04-13,,,,,2.7,21.82,,,,,,
2022-04-14,,,,,2.83,22.7,5.0,,,,,
2022-04-15,,,,,,,,,,,,
2022-04-18,,,,,2.85,22.17,,,,,,
2022-04-19,,,,,2.93,21.37,,,,,,
2022-04-20,,,,,2.85,20.32,,,,,,
2022-04-21,,,,,2.9,22.68,5.11,,,,,
2022-04-22,,,,,2.9,28.21,,,,,,
2022-04-25,,,,,2.81,27.02,,,,,,
2022-04-26,,,,,2.77,33.52,,,,,,
2022-04-27,,,,,2.82,31.6,,,,,,
2022-04-28,,,,,2.85,29.99,5.1,,,,,
2022-04-29,,,,,2.89,33.4,,,,,,
2022-05-01,,3.6,291.299,0.77,,,,,303.39099999999996,306.362,589282.0,291.299
2022-05-02,,,,,2.99,32.34,,,,,,
2022-05-03,,,,,2.97,29.25,,,,,,
2022-05-04,,,,,2.93,25.42,,,,,,
2022-05-05,,,,,3.05,31.2,5.27,,,,,
2022-05-06,,,,,3.12,30.19,,,,,,
2022-05-09,,,,,3.05,34.75,,,,,,
2022-05-10,,,,,2.99,32.99,,,,,,
2022-05-11,,,,,2.91,32.56,,,,,,
2022-05-12,,,,,2.84,31.77,5.3,,,,,
2022-05-13,,,,,2.93,28.87,,,,,,
2022-05-16,,,,,2.88,27.47,,,,,,
2022-05-17,,,,,2.98,26.1,,,,,,
2022-05-18,,,,,2.89,30.96,,,,,,
2022-05-19,,,,,2.84,29.35,5.25,,,,,
2022-05-20,,,,,2.78,29.43,,,,,,
2022-05-23,,,,,2.86,28.48,,,,,,
2022-05-24,,,,,2.76,29.45,,,,,,
2022-05-25,,,,,2.75,28.37,,,,,,
2022-05-26,,,,,2.75,27.5,5.1,,,,,
2022-05-27,,,,,2.74,25.72,,,,,,
2022-05-30,,,,,,26.54,,,,,,
2022-05-31,,,,,2.85,26.19,,,,,,
2022-06-01,,3.6,295.072,1.21,2.94,25.69,,,304.231,308.159,593360.0,295.072
2022-06-02,,,,,2.92,24.72,5.09,,,,,
2022-06-03,,,,,2.96,24.79,,,,,,
2022-06-06,,,,,3.04,25.07,,,,,,
2022-06-07,,,,,2.98,24.02,,,,,,
2022-06-08,,,,,3.03,23.96,,,,,,
2022-06-09,,,,,3.04,26.09,5.23,,,,,
2022-06-10,,,,,3.15,27.75,,,,,,
2022-06-13,,,,,3.43,34.02,,,,,,
2022-06-14,,,,,3.49,32.69,,,,,,
2022-06-15,,,,,3.33,29.62,,,,,,
2022-06-16,,,,,3.28,32.95,5.78,,,,,
2022-06-17,,,,,3.25,31.13,,,,,,
2022-06-20,,,,,,31.03,,,,,,
2022-06-21,,,,,3.31,30.19,,,,,,
2022-06-22,,,,,3.16,28.95,,,,,,
2022-06-23,,,,,3.09,29.05,5.81,,,,,
2022-06-24,,,,,3.13,27.23,,,,,,
2022-06-27,,,,,3.2,26.95,,,,,,
2022-06-28,,,,,3.2,28.36,,,,,,
2022-06-29,,,,,3.1,28.16,,,,,,
2022-06-30,,,,,2.98,28.71,5.7,,,,,
2022-07-01,26272.011,3.5,294.94,1.68,2.88,26.7,,438000.0,303.301,306.999,589039.0,294.94
2022-07-04,,,,,,27.53,,,,,,
2022-07-05,,,,,2.82,27.54,,,,,,
2022-07-06,,,,,2.93,26.73,,,,,,
2022-07-07,,,,,3.01,26.08,5.3,,,,,
2022-07-08,,,,,3.09,24.64,,,,,,
2022-07-11,,,,,2.99,26.17,,,,,,
2022-07-12,,,,,2.96,27.29,,,,,,
2022-07-13,,,,,2.91,26.82,,,,,,
2022-07-14,,,,,2.96,26.4,5.51,,,,,
2022-07-15,,,,,2.93,24.23,,,,,,
2022-07-18,,,,,2.96,25.3,,,,,,
2022-07-19,,,,,3.01,24.5,,,,,,
2022-07-20,,,,,3.04,23.88,,,,,,
2022-07-21,,,,,2.91,23.11,5.54,,,,,
2022-07-22,,,,,2.77,23.03,,,,,,
2022-07-25,,,,,2.81,23.36,,,,,,
2022-07-26,,,,,2.81,24.69,,,,,,
2022-07-27,,,,,2.78,23.24,,,,,,
2022-07-28,,,,,2.68,22.33,5.3,,,,,
2022-07-29,,,,,2.67,21.33,,,,,,
2022-08-01,,3.6,295.162,2.33,2.6,22.84,,,301.095,303.58,590987.0,295.162
2022-08-02,,,,,2.75,23.93,,,,,,
2022-08-03,,,,,2.73,21.95,,,,,,
2022-08-04,,,,,2.68,21.44,4.99,,,,,
2022-08-05,,,,,2.83,21.15,,,,,,
2022-08-08,,,,,2.77,21.29,,,,,,
2022-08-09,,,,,2.8,21.77,,,,,,
2022-08-10,,,,,2.78,19.74,,,,,,
2022-08-11,,,,,2.87,20.2,5.22,,,,,
2022-08-12,,,,,2.84,19.53,,,,,,
2022-08-15,,,,,2.79,19.95,,,,,,
2022-08-16,,,,,2.82,19.69,,,,,,
2022-08-17,,,,,2.89,19.9,,,,,,
2022-08-18,,,,,2.88,19.56,5.13,,,,,
2022-08-19,,,,,2.98,20.6,,,,,,
2022-08-22,,,,,3.03,23.8,,,,,,
2022-08-23,,,,,3.05,24.11,,,,,,
2022-08-24,,,,,3.11,22.82,,,,,,
2022-08-25,,,,,3.03,21.78,5.55,,,,,
2022-08-26,,,,,3.04,25.56,,,,,,
2022-08-29,,,,,3.12,26.21,,,,,,
2022-08-30,,,,,3.11,26.21,,,,,,
2022-08-31,,,,,3.15,25.87,,,,,,
2022-09-01,,3.5,296.421,2.56,3.26,25.56,5.66,,299.099,300.416,588894.0,296.421
2022-09-02,,,,,3.2,25.47,,,,,,
2022-09-05,,,,,,25.99,,,,,,
2022-09-06,,,,,3.33,26.91,,,,,,
2022-09-07,,,,,3.27,24.64,,,,,,
2022-09-08,,,,,3.29,23.61,5.89,,,,,
2022-09-09,,,,,3.33,22.79,,,,,,
2022-09-12,,,,,3.37,23.87,,,,,,
2022-09-13,,,,,3.42,27.27,,,,,,
2022-09-14,,,,,3.41,26.16,,,,,,
2022-09-15,,,,,3.45,26.27,6.02,,,,,
2022-09-16,,,,,3.45,26.3,,,,,,
2022-09-19,,,,,3.49,25.76,,,,,,
2022-09-20,,,,,3.57,27.16,,,,,,
2022-09-21,,,,,3.51,27.99,,,,,,
2022-09-22,,,,,3.7,27.35,6.29,,,,,
2022-09-23,,,,,3.69,29.92,,,,,,
2022-09-26,,,,,3.88,32.26,,,,,,
2022-09-27,,,,,3.97,32.6,,,,,,
2022-09-28,,,,,3.72,30.18,,,,,,
2022-09-29,,,,,3.76,31.84,6.7,,,,,
2022-09-30,,,,,3.83,31.62,,,,,,
2022-10-01,26734.277,3.6,297.979,3.08,,,,442600.0,298.788,298.632,595839.0,297.979
2022-10-03,,,,,3.67,30.1,,,,,,
2022-10-04,,,,,3.62,29.07,,,,,,
2022-10-05,,,,,3.76,28.55,,,,,,
2022-10-06,,,,,3.83,30.52,6.66,,,,,
2022-10-07,,,,,3.89,31.36,,,,,,
2022-10-10,,,,,,32.45,,,,,,
2022-10-11,,,,,3.93,33.63,,,,,,
2022-10-12,,,,,3.91,33.57,,,,,,
2022-10-13,,,,,3.97,31.94,6.92,,,,,
2022-10-14,,,,,4.0,32.02,,,,,,
2022-10-17,,,,,4.02,31.37,,,,,,
2022-10-18,,,,,4.01,30.5,,,,,,
2022-10-19,,,,,4.14,30.76,,,,,,
2022-10-20,,,,,4.24,29.98,6.94,,,,,
2022-10-21,,,,,4.21,29.69,,,,,,
2022-10-24,,,,,4.25,29.85,,,,,,
2022-10-25,,,,,4.1,28.46,,,,,,
2022-10-26,,,,,4.04,27.28,,,,,,
2022-10-27,,,,,3.96,27.39,7.08,,,,,
2022-10-28,,,,,4.02,25.75,,,,,,
2022-10-31,,,,,4.1,25.88,,,,,,
2022-11-01,,3.6,298.708,3.78,4.07,25.81,,,298.513,296.817,588309.0,298.708
2022-11-02,,,,,4.1,25.86,,,,,,
2022-11-03,,,,,4.14,25.3,6.95,,,,,
2022-11-04,,,,,4.17,24.55,,,,,,
2022-11-07,,,,,4.22,24.35,,,,,,
2022-11-08,,,,,4.14,25.54,,,,,,
2022-11-09,,,,,4.12,26.09,,,,,,
2022-11-10,,,,,3.82,23.53,7.08,,,,,
2022-11-11,,,,,,22.52,,,,,,
2022-11-14,,,,,3.88,23.73,,,,,,
2022-11-15,,,,,3.8,24.54,,,,,,
2022-11-16,,,,,3.67,24.11,,,,,,
2022-11-17,,,,,3.77,23.93,6.61,,,,,
2022-11-18,,,,,3.82,23.12,,,,,,
2022-11-21,,,,,3.83,22.36,,,,,,
2022-11-22,,,,,3.76,21.29,,,,,,
2022-11-23,,,,,3.71,20.35,6.58,,,,,
2022-11-24,,,,,,20.42,,,,,,
2022-11-25,,,,,3.68,20.5,,,,,,
2022-11-28,,,,,3.69,22.21,,,,,,
2022-11-29,,,,,3.75,21.89,,,,,,
2022-11-30,,,,,3.68,20.58,,,,,,
2022-12-01,,3.5,298.808,4.1,3.53,19.84,6.49,,297.689,294.307,581749.0,298.808
2022-12-02,,,,,3.51,19.06,,,,,,
2022-12-05,,,,,3.6,20.75,,,,,,
2022-12-06,,,,,3.51,22.17,,,,,,
2022-12-07,,,,,3.42,22.68,,,,,,
2022-12-08,,,,,3.48,22.29,6.33,,,,,
2022-12-09,,,,,3.57,22.83,,,,,,
2022-12-12,,,,,3.61,25.0,,,,,,
2022-12-13,,,,,3.51,22.55,,,,,,
2022-12-14,,,,,3.49,21.14,,,,,,
2022-12-15,,,,,3.44,22.83,6.31,,,,,
2022-12-16,,,,,3.48,22.62,,,,,,
2022-12-19,,,,,3.57,22.42,,,,,,
2022-12-20,,,,,3.69,21.48,,,,,,
2022-12-21,,,,,3.68,20.07,,,,,,
2022-12-22,,,,,3.67,21.97,6.27,,,,,
2022-12-23,,,,,3.75,20.87,,,,,,
2022-12-26,,,,,,,,,,,,
2022-12-27,,,,,3.84,21.65,,,,,,
2022-12-28,,,,,3.88,22.14,,,,,,
2022-12-29,,,,,3.83,21.44,6.42,,,,,
2022-12-30,,,,,3.88,21.67,,,,,,
2023-01-01,27164.359,3.5,300.456,4.33,,,,429000.0,297.517,292.803,603496.0,300.456
2023-01-02,,,,,,,,,,,,
2023-01-03,,,,,3.79,22.9,,,,,,
2023-01-04,,,,,3.69,22.01,,,,,,
2023-01-05,,,,,3.71,22.46,6.48,,,,,
2023-01-06,,,,,3.55,21.13,,,,,,
2023-01-09,,,,,3.53,21.97,,,,,,
2023-01-10,,,,,3.61,20.58,,,,,,
2023-01-11,,,,,3.54,21.09,,,,,,
2023-01-12,,,,,3.43,18.83,6.33,,,,,
2023-01-13,,,,,3.49,18.35,,,,,,
2023-01-16,,,,,,19.49,,,,,,
2023-01-17,,,,,3.53,19.36,,,,,,
2023-01-18,,,,,3.37,20.34,,,,,,
2023-01-19,,,,,3.39,20.52,6.15,,,,,
2023-01-20,,,,,3.48,19.85,,,,,,
2023-01-23,,,,,3.52,19.81,,,,,,
2023-01-24,,,,,3.46,19.2,,,,,,
2023-01-25,,,,,3.46,19.08,,,,,,
2023-01-26,,,,,3.49,18.73,6.13,,,,,
2023-01-27,,,,,3.52,18.51,,,,,,
2023-01-30,,,,,3.55,19.94,,,,,,
2023-01-31,,,,,3.52,19.4,,,,,,
2023-02-01,,3.6,301.476,4.57,3.39,17.87,,,298.03700000000003,293.575,598274.0,301.476
2023-02-02,,,,,3.4,18.73,6.09,,,,,
2023-02-03,,,,,3.53,18.33,,,,,,
2023-02-06,,,,,3.63,19.43,,,,,,
2023-02-07,,,,,3.67,18.66,,,,,,
2023-02-08,,,,,3.63,19.63,,,,,,
2023-02-09,,,,,3.67,20.71,6.12,,,,,
2023-02-10,,,,,3.74,20.53,,,,,,
2023-02-13,,,,,3.72,20.34,,,,,,
2023-02-14,,,,,3.77,18.91,,,,,,
2023-02-15,,,,,3.81,18.23,,,,,,
2023-02-16,,,,,3.86,20.17,6.32,,,,,
2023-02-17,,,,,3.82,20.02,,,,,,
2023-02-20,,,,,,21.23,,,,,,
2023-02-21,,,,,3.95,22.87,,,,,,
2023-02-22,,,,,3.93,22.29,,,,,,
2023-02-23,,,,,3.88,21.14,6.5,,,,,
2023-02-24,,,,,3.95,21.67,,,,,,
2023-02-27,,,,,3.92,20.95,,,,,,
2023-02-28,,,,,3.92,20.7,,,,,,
2023-03-01,,3.5,301.643,4.65,4.01,20.58,,,298.972,297.515,590606.0,301.643
2023-03-02,,,,,4.08,19.59,6.65,,,,,
2023-03-03,,,,,3.97,18.49,,,,,,
2023-03-06,,,,,3.98,18.61,,,,,,
2023-03-07,,,,,3.97,19.59,,,,,,
2023-03-08,,,,,3.98,19.11,,,,,,
2023-03-09,,,,,3.93,22.61,6.73,,,,,
2023-03-10,,,,,3.7,24.8,,,,,,
2023-03-13,,,,,3.55,26.52,,,,,,
2023-03-14,,,,,3.64,23.73,,,,,,
2023-03-15,,,,,3.51,26.14,,,,,,
2023-03-16,,,,,3.56,22.99,6.6,,,,,
2023-03-17,,,,,3.39,25.51,,,,,,
2023-03-20,,,,,3.47,24.15,,,,,,
2023-03-21,,,,,3.59,21.38,,,,,,
2023-03-22,,,,,3.48,22.26,,,,,,
2023-03-23,,,,,3.38,22.61,6.42,,,,,
2023-03-24,,,,,3.38,21.74,,,,,,
2023-03-27,,,,,3.53,20.6,,,,,,
2023-03-28,,,,,3.55,19.97,,,,,,
2023-03-29,,,,,3.57,19.12,,,,,,
2023-03-30,,,,,3.55,19.02,6.32,,,,,
2023-03-31,,,,,3.48,18.7,,,,,,
2023-04-01,27453.815,3.4,302.858,4.83,,,,418500.0,300.281,301.647,594962.0,302.858
2023-04-03,,,,,3.43,18.55,,,,,,
2023-04-04,,,,,3.35,19.0,,,,,,
2023-04-05,,,,,3.3,19.08,,,,,,
2023-04-06,,,,,3.3,18.4,6.28,,,,,
2023-04-07,,,,,3.39,,,,,,,
2023-04-10,,,,,3.41,18.97,,,,,,
2023-04-11,,,,,3.43,19.1,,,,,,
2023-04-12,,,,,3.41,19.09,,,,,,
2023-04-13,,,,,3.45,17.8,6.27,,,,,
2023-04-14,,,,,3.52,17.07,,,,,,
2023-04-17,,,,,3.6,16.95,,,,,,
2023-04-18,,,,,3.58,16.83,,,,,,
2023-04-19,,,,,3.6,16.46,,,,,,
2023-04-20,,,,,3.54,17.17,6.39,,,,,
2023-04-21,,,,,3.57,16.77,,,,,,
2023-04-24,,,,,3.52,16.89,,,,,,
2023-04-25,,,,,3.4,18.76,,,,,,
2023-04-26,,,,,3.43,18.84,,,,,,
2023-04-27,,,,,3.53,17.03,6.43,,,,,
2023-04-28,,,,,3.44,15.78,,,,,,
2023-05-01,,3.6,303.316,5.06,3.59,16.08,,,302.262,305.52,596688.0,303.316
2023-05-02,,,,,3.44,17.78,,,,,,
2023-05-03,,,,,3.38,18.34,,,,,,
2023-05-04,,,,,3.37,20.09,6.39,,,,,
2023-05-05,,,,,3.44,17.19,,,,,,
2023-05-08,,,,,3.52,16.98,,,,,,
2023-05-09,,,,,3.53,17.71,,,,,,
2023-05-10,,,,,3.43,16.94,,,,,,
2023-05-11,,,,,3.39,16.93,6.35,,,,,
2023-05-12,,,,,3.46,17.03,,,,,,
2023-05-15,,,,,3.5,17.12,,,,,,
2023-05-16,,,,,3.54,17.99,,,,,,
2023-05-17,,,,,3.57,16.87,,,,,,
2023-05-18,,,,,3.65,16.05,6.39,,,,,
2023-05-19,,,,,3.7,16.81,,,,,,
2023-05-22,,,,,3.72,17.21,,,,,,
2023-05-23,,,,,3.7,18.53,,,,,,
2023-05-24,,,,,3.73,20.03,,,,,,
2023-05-25,,,,,3.83,19.14,6.57,,,,,
2023-05-26,,,,,3.8,17.95,,,,,,
2023-05-29,,,,,,17.46,,,,,,
2023-05-30,,,,,3.69,17.46,,,,,,
2023-05-31,,,,,3.64,17.94,,,,,,
2023-06-01,,3.6,304.099,5.08,3.61,15.65,6.79,,304.281,308.471,598006.0,304.099
2023-06-02,,,,,3.69,14.6,,,,,,
2023-06-05,,,,,3.69,14.73,,,,,,
2023-06-06,,,,,3.7,13.96,,,,,,
2023-06-07,,,,,3.79,13.94,,,,,,
2023-06-08,,,,,3.73,13.65,6.71,,,,,
2023-06-09,,,,,3.75,13.83,,,,,,
2023-06-12,,,,,3.73,15.01,,,,,,
2023-06-13,,,,,3.84,14.61,,,,,,
2023-06-14,,,,,3.83,13.88,,,,,,
2023-06-15,,,,,3.72,14.5,6.69,,,,,
2023-06-16,,,,,3.77,13.54,,,,,,
2023-06-19,,,,,,14.19,,,,,,
2023-06-20,,,,,3.74,13.88,,,,,,
2023-06-21,,,,,3.72,13.2,,,,,,
2023-06-22,,,,,3.8,12.91,6.67,,,,,
2023-06-23,,,,,3.74,13.44,,,,,,
2023-06-26,,,,,3.72,14.25,,,,,,
2023-06-27,,,,,3.77,13.74,,,,,,
2023-06-28,,,,,3.71,13.43,,,,,,
2023-06-29,,,,,3.85,13.54,6.71,,,,,
2023-06-30,,,,,3.81,13.59,,,,,,
2023-07-01,27967.697,3.5,304.615,5.12,,,,435400.0,306.476,310.384,599270.0,304.615
2023-07-03,,,,,3.86,13.57,,,,,,
2023-07-04,,,,,,13.7,,,,,,
2023-07-05,,,,,3.95,14.18,,,,,,
2023-07-06,,,,,4.05,15.44,6.81,,,,,
2023-07-07,,,,,4.06,14.83,,,,,,
2023-07-10,,,,,4.01,15.07,,,,,,
2023-07-11,,,,,3.99,14.84,,,,,,
2023-07-12,,,,,3.86,13.54,,,,,,
2023-07-13,,,,,3.76,13.61,6.96,,,,,
2023-07-14,,,,,3.83,13.34,,,,,,
2023-07-17,,,,,3.81,13.48,,,,,,
2023-07-18,,,,,3.8,13.3,,,,,,
2023-07-19,,,,,3.75,13.76,,,,,,
2023-07-20,,,,,3.85,13.99,6.78,,,,,
2023-07-21,,,,,3.84,13.6,,,,,,
2023-07-24,,,,,3.86,13.91,,,,,,
2023-07-25,,,,,3.91,13.86,,,,,,
2023-07-26,,,,,3.86,13.19,,,,,,
2023-07-27,,,,,4.01,14.41,6.81,,,,,
2023-07-28,,,,,3.96,13.33,,,,,,
2023-07-31,,,,,3.97,13.63,,,,,,
2023-08-01,,3.7,306.138,5.33,4.05,13.93,,,309.182,311.75,604187.0,306.138
2023-08-02,,,,,4.08,16.09,,,,,,
2023-08-03,,,,,4.2,15.92,6.9,,,,,
2023-08-04,,,,,4.05,17.1,,,,,,
2023-08-07,,,,,4.09,15.77,,,,,,
2023-08-08,,,,,4.02,15.99,,,,,,
2023-08-09,,,,,4.0,15.96,,,,,,
2023-08-10,,,,,4.09,15.85,6.96,,,,,
2023-08-11,,,,,4.16,14.84,,,,,,
2023-08-14,,,,,4.19,14.82,,,,,,
2023-08-15,,,,,4.21,16.46,,,,,,
2023-08-16,,,,,4.28,16.78,,,,,,
2023-08-17,,,,,4.3,17.89,7.09,,,,,
2023-08-18,,,,,4.26,17.3,,,,,,
2023-08-21,,,,,4.34,17.13,,,,,,
2023-08-22,,,,,4.34,16.97,,,,,,
2023-08-23,,,,,4.19,15.98,,,,,,
2023-08-24,,,,,4.23,17.2,7.23,,,,,
2023-08-25,,,,,4.25,15.68,,,,,,
2023-08-28,,,,,4.2,15.08,,,,,,
2023-08-29,,,,,4.12,14.45,,,,,,
2023-08-30,,,,,4.12,13.88,,,,,,
2023-08-31,,,,,4.09,13.57,7.18,,,,,
2023-09-01,,3.8,307.374,5.33,4.18,13.09,,,311.279,312.6,609130.0,307.374
2023-09-04,,,,,,13.82,,,,,,
2023-09-05,,,,,4.27,14.01,,,,,,
2023-09-06,,,,,4.3,14.45,,,,,,
2023-09-07,,,,,4.27,14.4,7.12,,,,,
2023-09-08,,,,,4.26,13.84,,,,,,
2023-09-11,,,,,4.29,13.8,,,,,,
2023-09-12,,,,,4.27,14.23,,,,,,
2023-09-13,,,,,4.25,13.48,,,,,,
2023-09-14,,,,,4.29,12.82,7.18,,,,,
2023-09-15,,,,,4.33,13.79,,,,,,
2023-09-18,,,,,4.32,14.0,,,,,,
2023-09-19,,,,,4.37,14.11,,,,,,
2023-09-20,,,,,4.35,15.14,,,,,,
2023-09-21,,,,,4.49,17.54,7.19,,,,,
2023-09-22,,,,,4.44,17.2,,,,,,
2023-09-25,,,,,4.55,16.9,,,,,,
2023-09-26,,,,,4.56,18.94,,,,,,
2023-09-27,,,,,4.61,18.22,,,,,,
2023-09-28,,,,,4.59,17.34,7.31,,,,,
2023-09-29,,,,,4.59,17.52,,,,,,
2023-10-01,28296.967,3.9,307.653,5.33,,,,423200.0,313.257,312.959,606170.0,307.653
2023-10-02,,,,,4.69,17.61,,,,,,
2023-10-03,,,,,4.81,19.78,,,,,,
2023-10-04,,,,,4.73,18.58,,,,,,
2023-10-05,,,,,4.72,18.49,7.49,,,,,
2023-10-06,,,,,4.78,17.45,,,,,,
2023-10-09,,,,,,17.7,,,,,,
2023-10-10,,,,,4.66,17.03,,,,,,
2023-10-11,,,,,4.58,16.09,,,,,,
2023-10-12,,,,,4.7,16.69,7.57,,,,,
2023-10-13,,,,,4.63,19.32,,,,,,
2023-10-16,,,,,4.71,17.21,,,,,,
2023-10-17,,,,,4.83,17.88,,,,,,
2023-10-18,,,,,4.91,19.22,,,,,,
2023-10-19,,,,,4.98,21.4,7.63,,,,,
2023-10-20,,,,,4.93,21.71,,,,,,
2023-10-23,,,,,4.86,20.37,,,,,,
2023-10-24,,,,,4.83,18.97,,,,,,
2023-10-25,,,,,4.95,20.19,,,,,,
2023-10-26,,,,,4.86,20.68,7.79,,,,,
2023-10-27,,,,,4.84,21.27,,,,,,
2023-10-30,,,,,4.88,19.75,,,,,,
2023-10-31,,,,,4.88,18.14,,,,,,
2023-11-01,,3.7,308.087,5.33,4.77,16.87,,,314.132,312.199,602896.0,308.087
2023-11-02,,,,,4.67,15.66,7.76,,,,,
2023-11-03,,,,,4.57,14.91,,,,,,
2023-11-06,,,,,4.67,14.89,,,,,,
2023-11-07,,,,,4.58,14.81,,,,,,
2023-11-08,,,,,4.49,14.45,,,,,,
2023-11-09,,,,,4.62,15.29,7.5,,,,,
2023-11-10,,,,,4.61,14.17,,,,,,
2023-11-13,,,,,4.63,14.76,,,,,,
2023-11-14,,,,,4.44,14.16,,,,,,
2023-11-15,,,,,4.53,14.18,,,,,,
2023-11-16,,,,,4.45,14.32,7.44,,,,,
2023-11-17,,,,,4.44,13.8,,,,,,
2023-11-20,,,,,4.42,13.41,,,,,,
2023-11-21,,,,,4.41,13.35,,,,,,
2023-11-22,,,,,4.42,12.85,7.29,,,,,
2023-11-23,,,,,,12.8,,,,,,
2023-11-24,,,,,4.47,12.46,,,,,,
2023-11-27,,,,,4.39,12.69,,,,,,
2023-11-28,,,,,4.34,12.69,,,,,,
2023-11-29,,,,,4.27,12.98,,,,,,
2023-11-30,,,,,4.37,12.92,7.22,,,,,
2023-12-01,,3.8,308.735,5.33,4.22,12.63,,,314.735,311.018,606961.0,308.735
2023-12-04,,,,,4.28,13.08,,,,,,
2023-12-05,,,,,4.18,12.85,,,,,,
2023-12-06,,,,,4.12,12.97,,,,,,
2023-12-07,,,,,4.14,13.06,7.03,,,,,
2023-12-08,,,,,4.23,12.35,,,,,,
2023-12-11,,,,,4.23,12.63,,,,,,
2023-12-12,,,,,4.2,12.07,,,,,,
2023-12-13,,,,,4.04,12.19,,,,,,
2023-12-14,,,,,3.92,12.48,6.95,,,,,
2023-12-15,,,,,3.91,12.28,,,,,,
2023-12-18,,,,,3.95,12.56,,,,,,
2023-12-19,,,,,3.93,12.53,,,,,,
2023-12-20,,,,,3.86,13.67,,,,,,
2023-12-21,,,,,3.89,13.65,6.67,,,,,
2023-12-22,,,,,3.9,13.03,,,,,,
2023-12-25,,,,,,,,,,,,
2023-12-26,,,,,3.89,12.99,,,,,,
2023-12-27,,,,,3.79,12.43,,,,,,
2023-12-28,,,,,3.84,12.47,6.61,,,,,
2023-12-29,,,,,3.88,12.45,,,,,,
2024-01-01,28624.069,3.7,309.794,5.33,,,,426800.0,316.012,310.853,601921.0,309.794
2024-01-02,,,,,3.95,13.2,,,,,,
2024-01-03,,,,,3.91,14.04,,,,,,
2024-01-04,,,,,3.99,14.13,6.62,,,,,
2024-01-05,,,,,4.05,13.35,,,,,,
2024-01-08,,,,,4.01,13.08,,,,,,
2024-01-09,,,,,4.02,12.76,,,,,,
2024-01-10,,,,,4.04,12.69,,,,,,
2024-01-11,,,,,3.98,12.44,6.66,,,,,
2024-01-12,,,,,3.96,12.7,,,,,,
2024-01-15,,,,,,13.25,,,,,,
2024-01-16,,,,,4.07,13.84,,,,,,
2024-01-17,,,,,4.1,14.79,,,,,,
2024-01-18,,,,,4.14,14.13,6.6,,,,,
2024-01-19,,,,,4.15,13.3,,,,,,
2024-01-22,,,,,4.11,13.19,,,,,,
2024-01-23,,,,,4.14,12.55,,,,,,
2024-01-24,,,,,4.18,13.14,,,,,,
2024-01-25,,,,,4.14,13.45,6.69,,,,,
2024-01-26,,,,,4.15,13.26,,,,,,
2024-01-29,,,,,4.08,13.6,,,,,,
2024-01-30,,,,,4.06,13.31,,,,,,
2024-01-31,,,,,3.99,14.35,,,,,,
2024-02-01,,3.9,311.022,5.33,3.87,13.88,6.63,,317.629,312.77299999999997,606720.0,311.022
2024-02-02,,,,,4.03,13.85,,,,,,
2024-02-05,,,,,4.17,13.67,,,,,,
2024-02-06,,,,,4.09,13.06,,,,,,
2024-02-07,,,,,4.09,12.83,,,,,,
2024-02-08,,,,,4.15,12.79,6.64,,,,,
2024-02-09,,,,,4.17,12.93,,,,,,
2024-02-12,,,,,4.17,13.93,,,,,,
2024-02-13,,,,,4.31,15.85,,,,,,
2024-02-14,,,,,4.27,14.38,,,,,,
2024-02-15,,,,,4.24,14.01,6.77,,,,,
2024-02-16,,,,,4.3,14.24,,,,,,
2024-02-19,,,,,,14.71,,,,,,
2024-02-20,,,,,4.27,15.42,,,,,,
2024-02-21,,,,,4.32,15.34,,,,,,
2024-02-22,,,,,4.33,14.54,6.9,,,,,
2024-02-23,,,,,4.26,13.75,,,,,,
2024-02-26,,,,,4.28,13.74,,,,,,
2024-02-27,,,,,4.31,13.43,,,,,,
2024-02-28,,,,,4.27,13.84,,,,,,
2024-02-29,,,,,4.25,13.4,6.94,,,,,
2024-03-01,,3.9,312.107,5.33,4.19,13.11,,,318.49,316.968,610060.0,312.107
2024-03-04,,,,,4.22,13.49,,,,,,
2024-03-05,,,,,4.13,14.46,,,,,,
2024-03-06,,,,,4.11,14.5,,,,,,
2024-03-07,,,,,4.09,14.44,6.88,,,,,
2024-03-08,,,,,4.09,14.74,,,,,,
2024-03-11,,,,,4.1,15.22,,,,,,
2024-03-12,,,,,4.16,13.84,,,,,,
2024-03-13,,,,,4.19,13.75,,,,,,
2024-03-14,,,,,4.29,14.4,6.74,,,,,
2024-03-15,,,,,4.31,14.41,,,,,,
2024-03-18,,,,,4.34,14.33,,,,,,
2024-03-19,,,,,4.3,13.82,,,,,,
2024-03-20,,,,,4.27,13.04,,,,,,
2024-03-21,,,,,4.27,12.92,6.87,,,,,
2024-03-22,,,,,4.22,13.06,,,,,,
2024-03-25,,,,,4.25,13.19,,,,,,
2024-03-26,,,,,4.24,13.24,,,,,,
2024-03-27,,,,,4.2,12.78,,,,,,
2024-03-28,,,,,4.2,13.01,6.79,,,,,
2024-03-29,,,,,,,,,,,,
2024-04-01,29016.714,3.9,313.016,5.33,4.33,13.65,,414500.0,319.366,320.91200000000003,608458.0,313.016
2024-04-02,,,,,4.36,14.61,,,,,,
2024-04-03,,,,,4.36,14.33,,,,,,
2024-04-04,,,,,4.31,16.35,6.82,,,,,
2024-04-05,,,,,4.39,16.03,,,,,,
2024-04-08,,,,,4.42,15.19,,,,,,
2024-04-09,,,,,4.36,14.98,,,,,,
2024-04-10,,,,,4.55,15.8,,,,,,
2024-04-11,,,,,4.56,14.91,6.88,,,,,
2024-04-12,,,,,4.5,17.31,,,,,,
2024-04-15,,,,,4.63,19.23,,,,,,
2024-04-16,,,,,4.67,18.4,,,,,,
2024-04-17,,,,,4.59,18.21,,,,,,
2024-04-18,,,,,4.64,18.0,7.1,,,,,
2024-04-19,,,,,4.62,18.71,,,,,,
2024-04-22,,,,,4.62,16.94,,,,,,
2024-04-23,,,,,4.61,15.69,,,,,,
2024-04-24,,,,,4.65,15.97,,,,,,
2024-04-25,,,,,4.7,15.37,7.17,,,,,
2024-04-26,,,,,4.67,15.03,,,,,,
2024-04-29,,,,,4.63,14.67,,,,,,
2024-04-30,,,,,4.69,15.65,,,,,,
2024-05-01,,4.0,313.14,5.33,4.63,15.39,,,320.223,323.835,610010.0,313.14
2024-05-02,,,,,4.58,14.68,7.22,,,,,
2024-05-03,,,,,4.5,13.49,,,,,,
2024-05-06,,,,,4.49,13.49,,,,,,
2024-05-07,,,,,4.47,13.23,,,,,,
2024-05-08,,,,,4.48,13.0,,,,,,
2024-05-09,,,,,4.45,12.69,7.09,,,,,
2024-05-10,,,,,4.5,12.55,,,,,,
2024-05-13,,,,,4.48,13.6,,,,,,
2024-05-14,,,,,4.45,13.42,,,,,,
2024-05-15,,,,,4.36,12.45,,,,,,
2024-05-16,,,,,4.38,12.42,7.02,,,,,
2024-05-17,,,,,4.42,11.99,,,,,,
2024-05-20,,,,,4.44,12.15,,,,,,
2024-05-21,,,,,4.41,11.86,,,,,,
2024-05-22,,,,,4.43,12.29,,,,,,
2024-05-23,,,,,4.47,12.77,6.94,,,,,
2024-05-24,,,,,4.46,11.93,,,,,,
2024-05-27,,,,,,12.36,,,,,,
2024-05-28,,,,,4.54,12.92,,,,,,
2024-05-29,,,,,4.61,14.28,,,,,,
2024-05-30,,,,,4.55,14.47,7.03,,,,,
2024-05-31,,,,,4.51,12.92,,,,,,
2024-06-01,,4.1,313.131,5.33,,,,,320.846,325.393,607986.0,313.131
2024-06-03,,,,,4.41,13.11,,,,,,
2024-06-04,,,,,4.33,13.16,,,,,,
2024-06-05,,,,,4.29,12.63,,,,,,
2024-06-06,,,,,4.28,12.58,6.99,,,,,
2024-06-07,,,,,4.43,12.22,,,,,,
2024-06-10,,,,,4.47,12.74,,,,,,
2024-06-11,,,,,4.39,12.85,,,,,,
2024-06-12,,,,,4.31,12.04,,,,,,
2024-06-13,,,,,4.24,11.94,6.95,,,,,
2024-06-14,,,,,4.2,12.66,,,,,,
2024-06-17,,,,,4.28,12.75,,,,,,
2024-06-18,,,,,4.22,12.3,,,,,,
2024-06-19,,,,,,12.48,,,,,,
2024-06-20,,,,,4.25,13.28,6.87,,,,,
2024-06-21,,,,,4.25,13.2,,,,,,
2024-06-24,,,,,4.25,13.33,,,,,,
2024-06-25,,,,,4.23,12.84,,,,,,
2024-06-26,,,,,4.32,12.55,,,,,,
2024-06-27,,,,,4.29,12.24,6.86,,,,,
2024-06-28,,,,,4.36,12.44,,,,,,
2024-07-01,29374.914,4.2,313.566,5.33,4.48,12.22,,415300.0,321.52299999999997,325.70599999999996,615960.0,313.566
2024-07-02,,,,,4.43,12.03,,,,,,
2024-07-03,,,,,4.36,12.09,6.95,,,,,
2024-07-04,,,,,,12.26,,,,,,
2024-07-05,,,,,4.28,12.48,,,,,,
2024-07-08,,,,,4.28,12.37,,,,,,
2024-07-09,,,,,4.3,12.51,,,,,,
2024-07-10,,,,,4.28,12.85,,,,,,
2024-07-11,,,,,4.2,12.92,6.89,,,,,
2024-07-12,,,,,4.18,12.46,,,,,,
2024-07-15,,,,,4.23,13.12,,,,,,
2024-07-16,,,,,4.17,13.19,,,,,,
2024-07-17,,,,,4.16,14.48,,,,,,
2024-07-18,,,,,4.2,15.93,6.77,,,,,
2024-07-19,,,,,4.25,16.52,,,,,,
2024-07-22,,,,,4.26,14.91,,,,,,
2024-07-23,,,,,4.25,14.72,,,,,,
2024-07-24,,,,,4.28,18.04,,,,,,
2024-07-25,,,,,4.27,18.46,6.78,,,,,
2024-07-26,,,,,4.2,16.39,,,,,,
2024-07-29,,,,,4.17,16.6,,,,,,
2024-07-30,,,,,4.15,17.69,,,,,,
2024-07-31,,,,,4.09,16.36,,,,,,
2024-08-01,,4.2,314.131,5.33,3.99,18.59,6.73,,322.47900000000004,325.14799999999997,614535.0,314.131
2024-08-02,,,,,3.8,23.39,,,,,,
2024-08-05,,,,,3.78,38.57,,,,,,
2024-08-06,,,,,3.9,27.71,,,,,,
2024-08-07,,,,,3.96,27.85,,,,,,
2024-08-08,,,,,3.99,23.79,6.47,,,,,
2024-08-09,,,,,3.94,20.37,,,,,,
2024-08-12,,,,,3.9,20.71,,,,,,
2024-08-13,,,,,3.85,18.12,,,,,,
2024-08-14,,,,,3.83,16.19,,,,,,
2024-08-15,,,,,3.92,15.23,6.49,,,,,
2024-08-16,,,,,3.89,14.8,,,,,,
2024-08-19,,,,,3.86,14.65,,,,,,
2024-08-20,,,,,3.82,15.88,,,,,,
2024-08-21,,,,,3.79,16.27,,,,,,
2024-08-22,,,,,3.86,17.55,6.46,,,,,
2024-08-23,,,,,3.81,15.86,,,,,,
2024-08-26,,,,,3.82,16.15,,,,,,
2024-08-27,,,,,3.83,15.43,,,,,,
2024-08-28,,,,,3.84,17.11,,,,,,
2024-08-29,,,,,3.87,15.65,6.35,,,,,
2024-08-30,,,,,3.91,15.0,,,,,,
2024-09-01,,4.1,314.851,5.13,,,,,323.454,324.788,620104.0,314.851
2024-09-02,,,,,,15.55,,,,,,
2024-09-03,,,,,3.84,20.72,,,,,,
2024-09-04,,,,,3.77,21.32,,,,,,
2024-09-05,,,,,3.73,19.9,6.35,,,,,
2024-09-06,,,,,3.72,22.38,,,,,,
2024-09-09,,,,,3.7,19.45,,,,,,
2024-09-10,,,,,3.65,19.08,,,,,,
2024-09-11,,,,,3.65,17.69,,,,,,
2024-09-12,,,,,3.68,17.07,6.2,,,,,
2024-09-13,,,,,3.66,16.56,,,,,,
2024-09-16,,,,,3.63,17.14,,,,,,
2024-09-17,,,,,3.65,17.61,,,,,,
2024-09-18,,,,,3.7,18.23,,,,,,
2024-09-19,,,,,3.73,16.33,6.09,,,,,
2024-09-20,,,,,3.73,16.15,,,,,,
2024-09-23,,,,,3.75,15.89,,,,,,
2024-09-24,,,,,3.74,15.39,,,,,,
2024-09-25,,,,,3.79,15.41,,,,,,
2024-09-26,,,,,3.79,15.37,6.08,,,,,
2024-09-27,,,,,3.75,16.96,,,,,,
2024-09-30,,,,,3.81,16.73,,,,,,
2024-10-01,29700.58,4.1,315.564,4.83,3.74,19.26,,419200.0,324.585,324.188,623269.0,315.564
2024-10-02,,,,,3.79,18.9,,,,,,
2024-10-03,,,,,3.85,20.49,6.12,,,,,
2024-10-04,,,,,3.98,19.21,,,,,,
2024-10-07,,,,,4.03,22.64,,,,,,
2024-10-08,,,,,4.04,21.42,,,,,,
2024-10-09,,,,,4.06,20.86,,,,,,
2024-10-10,,,,,4.09,20.93,6.32,,,,,
2024-10-11,,,,,4.08,20.46,,,,,,
2024-10-14,,,,,,19.7,,,,,,
2024-10-15,,,,,4.03,20.64,,,,,,
2024-10-16,,,,,4.02,19.58,,,,,,
2024-10-17,,,,,4.09,19.11,6.44,,,,,
2024-10-18,,,,,4.08,18.03,,,,,,
2024-10-21,,,,,4.19,18.37,,,,,,
2024-10-22,,,,,4.2,18.2,,,,,,
2024-10-23,,,,,4.24,19.24,,,,,,
2024-10-24,,,,,4.21,19.08,6.54,,,,,
2024-10-25,,,,,4.25,20.33,,,,,,
2024-10-28,,,,,4.28,19.8,,,,,,
2024-10-29,,,,,4.28,19.34,,,,,,
2024-10-30,,,,,4.29,20.35,,,,,,
2024-10-31,,,,,4.28,23.16,6.72,,,,,
2024-11-01,,4.2,316.449,4.64,4.37,21.88,,,326.008,323.91200000000003,628727.0,316.449
2024-11-04,,,,,4.31,21.98,,,,,,
2024-11-05,,,,,4.26,20.49,,,,,,
2024-11-06,,,,,4.42,16.27,,,,,,
2024-11-07,,,,,4.31,15.2,6.79,,,,,
2024-11-08,,,,,4.3,14.94,,,,,,
2024-11-11,,,,,,14.97,,,,,,
2024-11-12,,,,,4.43,14.71,,,,,,
2024-11-13,,,,,4.44,14.02,,,,,,
2024-11-14,,,,,4.43,14.31,6.78,,,,,
2024-11-15,,,,,4.43,16.14,,,,,,
2024-11-18,,,,,4.42,15.58,,,,,,
2024-11-19,,,,,4.39,16.35,,,,,,
2024-11-20,,,,,4.41,17.16,,,,,,
2024-11-21,,,,,4.43,16.87,6.84,,,,,
2024-11-22,,,,,4.41,15.24,,,,,,
2024-11-25,,,,,4.27,14.6,,,,,,
2024-11-26,,,,,4.3,14.1,,,,,,
2024-11-27,,,,,4.25,14.1,6.81,,,,,
2024-11-28,,,,,,13.9,,,,,,
2024-11-29,,,,,4.18,13.51,,,,,,
2024-12-01,,4.1,317.603,4.48,,,,,,,632249.0,317.603
2024-12-02,,,,,4.19,13.34,,,,,,
2024-12-03,,,,,4.23,13.3,,,,,,
2024-12-04,,,,,4.19,13.45,,,,,,
2024-12-05,,,,,4.17,13.54,6.69,,,,,
2024-12-06,,,,,4.15,12.77,,,,,,
2024-12-09,,,,,4.2,14.19,,,,,,
2024-12-10,,,,,4.22,14.18,,,,,,
2024-12-11,,,,,4.26,13.58,,,,,,
2024-12-12,,,,,4.32,13.92,6.6,,,,,
2024-12-13,,,,,4.4,13.81,,,,,,
2024-12-16,,,,,4.39,14.69,,,,,,
2024-12-17,,,,,4.4,15.87,,,,,,
2024-12-18,,,,,4.5,27.62,,,,,,
2024-12-19,,,,,4.57,24.09,6.72,,,,,
2024-12-20,,,,,4.52,18.36,,,,,,
2024-12-23,,,,,4.59,16.78,,,,,,
2024-12-24,,,,,4.59,14.27,,,,,,
2024-12-25,,,,,,,,,,,,
2024-12-26,,,,,4.58,14.73,6.85,,,,,
2024-12-27,,,,,4.62,15.95,,,,,,
2024-12-30,,,,,4.55,17.4,,,,,,
2024-12-31,,,,,4.58,17.35,,,,,,
2025-01-01,,4.0,319.086,4.33,,,,,,,,319.086
2025-01-02,,,,,4.57,17.93,6.91,,,,,
2025-01-03,,,,,4.6,16.13,,,,,,
2025-01-06,,,,,4.62,16.04,,,,,,
2025-01-07,,,,,4.67,17.82,,,,,,
2025-01-08,,,,,4.67,17.7,,,,,,
2025-01-09,,,,,4.68,18.07,6.93,,,,,
2025-01-10,,,,,4.77,19.54,,,,,,
2025-01-13,,,,,4.79,19.19,,,,,,
2025-01-14,,,,,4.78,18.71,,,,,,
2025-01-15,,,,,4.66,16.12,,,,,,
2025-01-16,,,,,4.61,16.6,7.04,,,,,
2025-01-17,,,,,4.61,15.97,,,,,,
2025-01-20,,,,,,15.81,,,,,,
2025-01-21,,,,,4.57,15.06,,,,,,
2025-01-22,,,,,4.6,15.1,,,,,,
2025-01-23,,,,,4.65,15.02,6.96,,,,,
2025-01-24,,,,,4.63,14.85,,,,,,
2025-01-27,,,,,4.53,17.9,,,,,,
2025-01-28,,,,,4.55,16.41,,,,,,
2025-01-29,,,,,4.55,16.56,,,,,,
2025-01-30,,,,,4.52,15.84,6.95,,,,,
2025-01-31,,,,,4.58,16.43,,,,,,
2025-02-03,,,,,4.54,18.62,,,,,,
2025-02-04,,,,,4.52,17.21,,,,,,
2025-02-05,,,,,4.43,15.77,,,,,,
2025-02-06,,,,,4.45,15.5,6.89,,,,,
2025-02-07,,,,,4.49,16.54,,,,,,
2025-02-10,,,,,4.51,15.81,,,,,,
2025-02-11,,,,,4.54,16.02,,,,,,
2025-02-12,,,,,4.62,15.89,,,,,,
